month,year,site_id,mean_wetted_width_m,sd_wetted_width_m
1,2016,LECO,6.253333333333333,1.797456696199562
1,2017,LEWI,3.309,0.6992525566138708
1,2017,MART,6.82,1.6632747093071216
1,2017,MCDI,5.023333333333333,1.9556608078606827
1,2017,POSE,5.389666666666667,2.980384704783218
1,2017,WALK,3.5566666666666666,0.8900535951833747
1,2018,BLUE,22.1,3.6080418652913266
1,2018,LEWI,3.272,0.7717396380681228
1,2018,MCRA,6.466666666666667,1.594458795508593
1,2019,LECO,7.223333333333334,2.725572807032823
1,2019,MART,5.743333333333333,1.1778657886584336
1,2019,MCRA,6.6066666666666665,2.972046007595503
1,2020,MART,6.566666666666666,1.4830847008465353
1,2020,SYCA,8.735294117647058,1.2154943317795586
1,2020,WALK,3.75,0.7271816165500032
1,2021,MART,4.89,1.0346913582786665
2,2015,MAYF,4.246666666666667,1.164928097036194
2,2016,PRIN,4.246666666666667,2.144557398807877
2,2017,HOPB,5.883333333333334,1.6260982142228835
2,2017,LECO,6.226666666666667,1.7682902970702077
2,2017,LEWI,3.2453333333333334,0.7237056618940266
2,2017,MART,5.75,1.1179083598952086
2,2017,MAYF,4.598333333333334,1.4220240148642267
2,2018,BIGC,4.1866666666666665,1.1116106156921768
2,2018,LECO,6.993333333333333,2.03875102627232
2,2018,MART,5.303333333333334,1.325735536464071
2,2018,MAYF,4.96,1.1912323378579934
2,2018,POSE,5.796,3.131314145189216
2,2018,WALK,3.9766666666666666,0.6841472584644098
2,2019,LECO,7.46,2.7152951195416852
2,2019,MART,4.671666666666667,1.0549466476455247
2,2019,MAYF,5.6883333333333335,0.7252447070178942
2,2019,POSE,7.0569999999999995,3.2623031318591362
2,2019,WALK,3.8833333333333333,0.7081220103973574
2,2020,BIGC,3.885,0.9375343671861701
2,2020,LECO,7.46,2.5247191718192585
2,2020,LEWI,3.386,0.7006775046462113
2,2020,MART,5.1066666666666665,0.9612970165474294
2,2020,MAYF,5.1,0.9533968309373486
2,2020,MCRA,6.796153846153846,2.188737798900969
2,2020,POSE,5.390666666666666,3.380242730861237
2,2021,BIGC,3.6446666666666667,0.8956705572510669
2,2021,LECO,7.61,1.812475921362058
2,2021,LEWI,3.511,0.7480058546700618
2,2021,MAYF,5.1866666666666665,0.8344865583650548
2,2021,WALK,3.4833333333333334,0.6848525304806482
2,2022,BIGC,3.5766666666666667,1.0824408348355767
2,2022,LECO,6.96,2.0853512066729705
2,2022,LEWI,3.0913333333333335,0.6760214918708313
2,2022,MCRA,5.6899999999999995,1.8079041018204782
2,2022,POSE,6.735666666666667,3.5741193111834857
2,2022,WALK,4.038333333333333,0.7095024158950549
3,2015,CUPE,5.089166666666666,1.4512149108640402
3,2015,GUIL,5.586666666666667,1.5314481164353344
3,2015,MAYF,4.973333333333334,0.9648774563368792
3,2016,MCDI,7.1033333333333335,2.096052666706921
3,2016,PRIN,5.41,2.3411388328082463
3,2016,REDB,2.6979166666666665,0.8743294532117875
3,2017,ARIK,7.126666666666667,4.247914971982773
3,2017,CUPE,4.483333333333333,1.2954385047312087
3,2017,GUIL,5.575666666666667,1.5606004223249843
3,2017,MAYF,4.76,1.133988992222922
3,2017,MCDI,4.5,1.6882964276412502
3,2017,PRIN,4.676666666666667,2.0196762002912716
3,2017,REDB,3.017333333333333,1.0150995647899674
3,2017,SYCA,4.591555555555556,1.2472188486506541
3,2017,WALK,3.8266666666666667,0.7116146992762226
3,2018,ARIK,4.8933333333333335,2.021937161500691
3,2018,CUPE,4.177666666666667,1.515500789731949
3,2018,GUIL,6.905,2.0044927985179557
3,2018,MCRA,6.9799999999999995,1.9517277933437196
3,2018,PRIN,5.282666666666667,2.0959236846684144
3,2019,ARIK,6.45,2.9117775113943836
3,2019,CUPE,4.506666666666667,1.9156224041815493
3,2019,GUIL,5.272666666666667,1.4917357012215169
3,2019,KING,4.721666666666667,1.2347471703602497
3,2019,MCDI,4.61,1.4851796593980322
3,2019,SYCA,9.506666666666666,1.9873623714366484
3,2020,ARIK,7.347666666666666,3.4132274981347184
3,2020,KING,5.02,2.238749651032915
3,2020,MART,5.03,1.3102118807329572
3,2020,SYCA,7.383333333333333,1.8391973952851088
3,2020,TECR,2.019,0.7214991576452177
3,2020,WALK,3.9033333333333333,0.7298952845694933
3,2021,ARIK,5.888333333333334,2.4771540304138298
3,2021,CUPE,4.858,1.6669451721327107
3,2021,GUIL,5.084666666666667,1.7136847441401966
3,2021,MART,5.57,1.1991807548316562
3,2021,WALK,3.9366666666666665,0.6835421604096351
3,2022,ARIK,6.237666666666667,2.3743533404509813
3,2022,CUPE,5.233333333333333,1.256523208982884
3,2022,GUIL,4.881666666666667,0.9574106002501039
3,2022,MART,6.248,1.5154803456218433
3,2022,SYCA,3.105,1.3520323144475301
3,2022,WALK,3.6963333333333335,0.6960156723034
4,2015,GUIL,5.45,1.4080433966666481
4,2015,POSE,8.02,5.28011232900367
4,2016,HOPB,5.753333333333333,1.8300196041060406
4,2016,MCDI,6.136666666666667,3.6270519360944418
4,2016,PRIN,4.903333333333333,2.252735246750941
4,2016,REDB,2.7243333333333335,1.0075189168527268
4,2017,ARIK,5.742333333333333,3.641414733914254
4,2017,BLUE,21.55,3.5066193563523296
4,2017,CUPE,4.6466666666666665,1.3437552459133102
4,2017,GUIL,6.043333333333333,1.5158776525403572
4,2017,HOPB,6.743333333333333,2.033628205489125
4,2017,KING,4.623333333333333,1.3672734845703678
4,2017,LECO,7.816666666666666,1.6934118454058715
4,2017,MAYF,3.75,1.2173317344603065
4,2017,MCDI,5.375333333333334,1.469118274934706
4,2017,POSE,5.247333333333334,2.901781775265736
4,2017,PRIN,4.54,1.9176433276820248
4,2017,REDB,3.2146666666666666,1.0779026036653339
4,2017,SYCA,3.296666666666667,0.8410479070308088
4,2017,WALK,4.22,0.8454339836377853
4,2018,ARIK,5.7775,2.1474546422865295
4,2018,BIGC,4.2,0.9804995208284538
4,2018,BLUE,23.043333333333333,2.6682918898042995
4,2018,CUPE,4.555,1.6055050768291386
4,2018,GUIL,6.687,1.6861691942756334
4,2018,HOPB,5.736666666666666,0.883755050059544
4,2018,LECO,7.6033333333333335,2.401362161333658
4,2018,REDB,2.900333333333333,0.8703724265620667
4,2018,WALK,3.331,0.50230743436733
4,2019,ARIK,6.444,3.0367241878549733
4,2019,BIGC,4.403333333333333,0.8853455718583537
4,2019,BLDE,3.295,0.967965338507389
4,2019,BLUE,23.009999999999998,2.9362596427521823
4,2019,CUPE,4.476666666666667,2.0278548770311082
4,2019,GUIL,5.11,1.714914293625999
4,2019,HOPB,6.023333333333333,1.1485172850344867
4,2019,LECO,6.216666666666667,1.663623658812569
4,2019,LEWI,3.4543333333333335,0.6000499021393731
4,2019,MCDI,4.283333333333333,1.4694787565977108
4,2019,PRIN,4.126666666666667,1.528471782108052
4,2019,REDB,2.2,NA
4,2019,SYCA,3.4732558139534886,1.3307869510900623
4,2019,WALK,3.5933333333333333,0.5753160051199049
4,2021,BIGC,3.8316666666666666,0.9720652856368392
4,2021,HOPB,5.503333333333333,1.0417105737872827
4,2021,LECO,7.126666666666667,3.3436438241817124
4,2021,MAYF,4.633333333333333,0.8840866447369844
4,2021,MCRA,7.48,2.6482785560331124
4,2021,POSE,6.3053333333333335,3.2812794459265255
4,2022,ARIK,5.808333333333334,2.1706841180212946
4,2022,CUPE,4.313666666666666,1.2451907022851847
4,2022,GUIL,4.911666666666667,1.506519357563202
4,2022,MAYF,5.221333333333333,0.9021152664837174
4,2022,SYCA,2.75,1.2470655210505595
4,2022,TECR,1.9809999999999999,0.9996632191513989
5,2016,HOPB,5.111666666666666,1.3763242210983286
5,2016,KING,5.216666666666667,0.774188488736402
5,2016,LEWI,3.2453333333333334,0.6064977660551479
5,2016,MCDI,5.626666666666667,1.4941110454353632
5,2016,PRIN,4.726666666666667,1.9413705314107055
5,2016,REDB,2.9587719298245614,1.0417157381925237
5,2017,ARIK,6.57,3.325051205205926
5,2017,BLUE,21.01,3.429924096878067
5,2017,CUPE,4.891666666666667,1.413486965733625
5,2017,GUIL,5.913333333333333,1.2255142012523823
5,2017,HOPB,6.193333333333333,1.4938802364712975
5,2017,KING,4.475,1.453340385409443
5,2017,LEWI,3.4105,0.6463572633338367
5,2017,MAYF,4.569,1.280746953391141
5,2017,MCDI,4.49,1.4499795439819492
5,2017,MCRA,6.226666666666667,1.8628738149898163
5,2017,REDB,3.191333333333333,0.9487841758953289
5,2017,SYCA,3.005,0.9608141303620843
5,2017,WALK,3.5933333333333333,0.8316719070159461
5,2018,BLUE,23.55,3.074225442117984
5,2018,CARI,3.77,1.5065718106647472
5,2018,CUPE,4.141,1.3199094796548583
5,2018,GUIL,6.322333333333333,1.8583264316144195
5,2018,HOPB,5.383333333333334,1.0838416137416762
5,2018,LEWI,3.658333333333333,0.8281765734320243
5,2018,MAYF,4.723333333333334,1.2877896951174035
5,2018,POSE,7.095,3.287262512727909
5,2018,REDB,2.61943661971831,0.8871074783071161
5,2019,ARIK,6.0263333333333335,3.0261782924129346
5,2019,BIGC,4.105666666666667,0.974359854692701
5,2019,BLUE,22.97,3.2771044830922693
5,2019,CARI,2.8853333333333335,1.0215395188174303
5,2019,CUPE,4.126666666666667,1.540450747588876
5,2019,GUIL,5.1803333333333335,1.63187534034827
5,2019,KING,7.020833333333333,1.5962692645577534
5,2019,LEWI,3.7183333333333333,0.8030978097056567
5,2019,MAYF,4.8075,0.9462604812128026
5,2019,POSE,7.3486666666666665,3.0878457319574464
5,2019,PRIN,4.86,1.6827086719263888
5,2019,REDB,3.3240625,1.1565155100559612
5,2019,SYCA,3.2466666666666666,0.6489956874270049
5,2019,TECR,3.1533333333333333,1.3695540007314573
5,2020,WALK,3.373333333333333,0.8016936096029211
5,2021,ARIK,5.9863333333333335,2.8615542959213176
5,2021,CARI,3.026666666666667,1.0425212586382322
5,2021,CUPE,3.986666666666667,1.297738970972826
5,2021,HOPB,5.72,0.9921762913431504
5,2021,LEWI,2.9263333333333335,0.5737323858513764
5,2021,MCRA,6.673333333333334,2.2913530610917894
5,2021,TECR,1.8241666666666667,0.7541125476102867
5,2021,WALK,3.4833333333333334,0.7543361243542211
5,2022,ARIK,6.687333333333333,3.0880938583794566
5,2022,BIGC,3.638333333333333,1.176617253366421
5,2022,BLUE,23.071666666666665,3.5050129556406833
5,2022,CARI,3.2666666666666666,0.868741989130352
5,2022,HOPB,5.1066666666666665,0.8475861601339268
5,2022,LEWI,3.4673333333333334,0.7623146844715241
5,2022,TECR,1.8896666666666666,0.7662454504892543
6,2015,POSE,7.28,5.204600087323282
6,2015,WALK,3.065,0.8227331465964371
6,2016,HOPB,4.27741935483871,0.9925420822041938
6,2016,LECO,4.8566666666666665,1.5633040459967744
6,2016,LEWI,3.0576666666666665,0.5873064366876228
6,2016,MCDI,5.046666666666667,1.281360627407938
6,2016,POSE,7.675666666666666,5.595734017571091
6,2016,PRIN,5.593333333333333,2.073799334111408
6,2016,REDB,2.8770000000000002,1.0802973728530045
6,2016,WALK,3.0933333333333333,0.665884598748593
6,2017,BIGC,4.2316666666666665,1.0115421464893561
6,2017,BLUE,22.966666666666665,2.786337768634582
6,2017,CARI,2.785,1.0430276984150597
6,2017,COMO,2.6796666666666664,1.4498906641030238
6,2017,CUPE,4.53,1.3603118303764283
6,2017,GUIL,4.78,1.3478974687293157
6,2017,HOPB,6.495,1.4134253381203685
6,2017,KING,3.795,1.365482736415322
6,2017,LECO,7.406666666666666,1.7057576602209057
6,2017,LEWI,3.1109999999999998,0.7057905814245371
6,2017,MAYF,4.388333333333334,1.286315414131685
6,2017,MCDI,3.796666666666667,1.6917616472967956
6,2017,MCRA,5.533333333333333,1.4653076253065802
6,2017,OKSR,6.5616666666666665,2.9429082621699276
6,2017,POSE,4.186333333333334,2.5242868345313902
6,2017,REDB,2.9255555555555555,1.063522989203475
6,2017,TECR,2.5083333333333333,0.9424619160883034
6,2017,WALK,2.5533333333333332,0.7128056916320102
6,2017,WLOU,2.5145,0.6738340212067013
6,2018,ARIK,3.69,2.7562280572275357
6,2018,BIGC,3.9566666666666666,0.8734329152666874
6,2018,BLDE,4.4955,1.559617972562186
6,2018,BLUE,22.923333333333332,3.224334556669536
6,2018,CARI,3.3331666666666666,1.3839277090783326
6,2018,COMO,2.1466666666666665,0.9141543419573854
6,2018,CUPE,3.8476666666666666,1.238062121257231
6,2018,GUIL,6.381333333333333,1.8476690503280693
6,2018,HOPB,5.09,0.9259105490421772
6,2018,LECO,6.84,1.2805171369142367
6,2018,LEWI,3.956,0.7686513042896674
6,2018,MAYF,4.35,1.0666576867438096
6,2018,MCRA,5.277,2.146659232870687
6,2018,OKSR,8.091666666666667,3.3699716674696276
6,2018,POSE,7.3133333333333335,3.2913662746681642
6,2018,REDB,2.4606666666666666,0.9415869522782083
6,2018,WALK,3.0043333333333333,0.6800541729604485
6,2018,WLOU,2.51,0.8599719321803073
6,2019,ARIK,6.205333333333334,2.961103863756559
6,2019,BIGC,4.018,0.9327578685700327
6,2019,BLDE,4.776666666666666,1.7048982846256666
6,2019,BLUE,23.273333333333333,2.6958375748336656
6,2019,CARI,2.67,1.1839749195694524
6,2019,COMO,2.5926666666666667,0.922821510493706
6,2019,HOPB,5.351666666666667,1.1090523770955287
6,2019,KING,5.1725,2.097020182084044
6,2019,LEWI,3.4483333333333333,0.8524086899560818
6,2019,MCDI,6.023333333333333,1.5542341130476192
6,2019,MCRA,4.653333333333333,1.8165395927295456
6,2019,OKSR,7.5,1.8730392046267919
6,2019,POSE,5.554666666666667,3.4166183456072803
6,2019,REDB,3.077166666666667,1.0103902445727015
6,2019,TECR,2.72,1.3347219780241464
6,2019,WLOU,3.0286666666666666,1.1797887985548101
6,2020,CARI,3.203333333333333,1.0851800860728322
6,2020,CUPE,4.913333333333333,1.8507656073456016
6,2020,KING,4.69,2.2024046419530974
6,2020,LECO,6.42,1.73987712606181
6,2020,LEWI,2.941333333333333,0.6124779142159322
6,2020,MCDI,4.133333333333334,1.968954445688219
6,2020,WLOU,2.4833333333333334,0.733946974187877
6,2021,LECO,6.3966666666666665,1.6261830353216136
6,2021,MAYF,4.373333333333333,0.7319945983093201
6,2021,MCDI,4.496666666666667,2.5896988685723783
6,2021,OKSR,8.28,4.32182911468648
6,2021,POSE,5.3406666666666665,3.189242622590374
6,2021,TECR,1.8266666666666667,0.8174026709258917
6,2021,WLOU,2.3531666666666666,0.5299296137037691
6,2022,BIGC,3.537333333333333,0.929656715780294
6,2022,CARI,2.9233333333333333,0.8633069272134405
6,2022,COMO,2.5083333333333333,1.2899855207242292
6,2022,LECO,5.65,1.6691418402156901
6,2022,OKSR,6.706666666666667,2.65900335663096
6,2022,WLOU,2.6415,0.6642156710189234
7,2015,KING,3.855,1.0984465147483111
7,2016,CUPE,4.323666666666667,1.1380487939764552
7,2016,GUIL,5.293333333333333,1.388182471691904
7,2016,KING,4.5,1.6825678241184279
7,2016,LEWI,3.119,0.660461437439634
7,2016,MCDI,4.366666666666666,1.6101688352967585
7,2016,REDB,2.5166666666666666,0.8395743311174206
7,2016,WALK,3.8233333333333333,0.8496178992421498
7,2016,WLOU,2.3866666666666667,0.5797819645666651
7,2017,BIGC,4.0633333333333335,1.128772092488829
7,2017,BLUE,23.453333333333333,3.101805184452894
7,2017,CARI,2.819166666666667,0.8327558733703223
7,2017,COMO,2.0816666666666666,0.7663737023707125
7,2017,CUPE,4.4,1.30238507997893
7,2017,GUIL,5.073333333333333,1.5211006299508198
7,2017,HOPB,4.35,1.2511374135506488
7,2017,KING,3.3983333333333334,1.0206897037123317
7,2017,MART,3.5033333333333334,0.8818019690631668
7,2017,MAYF,4.413333333333333,1.478287297291475
7,2017,MCDI,3.775,1.6700583305939367
7,2017,MCRA,4.486666666666666,1.6990328553851337
7,2017,OKSR,7.123333333333333,3.4998332486507957
7,2017,TECR,2.27,0.7970419449871917
7,2017,WALK,3.2916666666666665,0.7395342585304822
7,2017,WLOU,2.3233333333333333,0.712339080980494
7,2018,BLDE,3.54,1.0587403054964701
7,2018,BLUE,22.136666666666667,3.2594143046252038
7,2018,CARI,3.074333333333333,1.252078777221232
7,2018,COMO,1.7593333333333334,0.6438071789098186
7,2018,OKSR,8.743333333333334,3.5824941546101776
7,2018,WALK,3.5933333333333333,0.6580710229636068
7,2018,WLOU,2.1666666666666665,0.6091579814199954
7,2019,BLDE,3.756666666666667,1.0447515241082144
7,2019,BLUE,24.09,3.5191446844858234
7,2019,CARI,2.7516666666666665,0.8971682782734964
7,2019,HOPB,4.621666666666667,1.0090695042304154
7,2019,LECO,6.656666666666666,1.788986099545722
7,2019,MAYF,4.760666666666666,1.0773848713062293
7,2019,MCDI,5.336666666666667,1.76332040496749
7,2019,MCRA,5.593333333333333,2.4742722139056865
7,2019,OKSR,6.193333333333333,2.078666383185207
7,2019,REDB,3.0993333333333335,1.1033645514213937
7,2019,WALK,3.27,0.7419220146767913
7,2019,WLOU,2.625,0.9377895033227728
7,2020,BLDE,3.0183333333333335,0.6901378339759802
7,2020,CARI,3.225,0.7525380783203158
7,2020,COMO,1.7776666666666667,0.6356242538563136
7,2020,CUPE,5.306666666666667,1.713623572178685
7,2020,GUIL,5.233333333333333,1.724935447734371
7,2020,MART,3.45,0.9992238367163131
7,2020,OKSR,5.921666666666667,2.0440149645101044
7,2020,WLOU,2.214166666666667,0.6596231375685812
7,2021,CARI,2.716666666666667,0.76702889993359
7,2021,COMO,1.8677777777777778,0.651816438242812
7,2021,WLOU,2.1656666666666666,0.41558171388974785
7,2022,COMO,1.7406666666666666,0.7084140000594468
7,2022,OKSR,6.743333333333333,1.8875476571975847
7,2022,WALK,3.0416666666666665,0.66411508835044
7,2022,WLOU,2.077,0.5299651907892403
8,2015,KING,3.7066666666666666,1.102014873588009
8,2015,LECO,5.05,1.3984597438512179
8,2015,POSE,6.166666666666667,5.0624604440061
8,2016,LECO,4.383333333333334,1.52498351225306
8,2016,LEWI,2.8886666666666665,0.6459461562557742
8,2016,MCDI,3.8966666666666665,1.4821892785576558
8,2016,POSE,4.684,2.7978915706973546
8,2016,PRIN,4.92,2.233969715474042
8,2016,WLOU,2.1,0.4051393970406763
8,2017,BIGC,3.9006666666666665,1.0433927859378396
8,2017,CARI,3.0055454545454547,0.8601990236568804
8,2017,COMO,1.8122222222222222,0.5747159098447807
8,2017,CUPE,5.33,1.7013483496616888
8,2017,GUIL,5.056666666666667,1.4747725326261354
8,2017,HOPB,4.383333333333333,1.3109836615761234
8,2017,LECO,5.513333333333334,1.4287040989298136
8,2017,LEWI,3.2325,0.7362977129082354
8,2017,MART,2.8233333333333333,0.9719100757798012
8,2017,MAYF,4.01,1.1161355745112935
8,2017,MCDI,4.141666666666667,1.817068657411471
8,2017,OKSR,7.889166666666666,3.54371120780091
8,2017,POSE,4.8933333333333335,3.246922504022299
8,2017,REDB,2.368333333333333,0.7602090607799633
8,2017,TECR,2.2066666666666666,0.9149838262498691
8,2018,BIGC,3.6616666666666666,1.1850857188066777
8,2018,BLDE,3.2251666666666665,1.078394116293527
8,2018,COMO,1.6933333333333334,0.49822674060860206
8,2018,CUPE,4.283666666666667,1.4506846976355763
8,2018,GUIL,5.718333333333334,1.743385694033572
8,2018,LECO,7.883333333333333,3.214737972196965
8,2018,LEWI,3.747,0.6995424613076848
8,2018,MAYF,5.306666666666667,1.4813631498080393
8,2018,MCDI,4.365,2.153391471048914
8,2018,MCRA,4.06,1.2422449089423162
8,2018,OKSR,8.22,3.5263559719174644
8,2018,POSE,6.746333333333333,3.3874265314168994
8,2018,REDB,2.3302222222222224,0.7393741321995196
8,2018,WALK,3.4066666666666667,0.6421587156552141
8,2018,WLOU,1.7266666666666666,0.6136006413999555
8,2019,BIGC,3.8916666666666666,0.8589371272134806
8,2019,BLDE,2.9676666666666667,0.9898114298525081
8,2019,CARI,2.78,1.030366523337105
8,2019,COMO,1.51,0.6765021599476184
8,2019,CUPE,4.27,1.6431991505218901
8,2019,GUIL,4.6433333333333335,1.3944924508229863
8,2019,KING,4.246666666666667,1.984201973405018
8,2019,LECO,6.46,1.7533416371465442
8,2019,MAYF,4.456666666666667,0.8759953288071541
8,2019,OKSR,8.13,3.2016321268787378
8,2019,TECR,1.8746666666666667,0.7721074310337074
8,2019,WALK,3.13,0.7688549479807506
8,2019,WLOU,2.2573333333333334,0.568930838371919
8,2020,BLDE,2.9533333333333336,0.6929812324340011
8,2020,CARI,3.493333333333333,1.2423374335705155
8,2020,COMO,1.6206666666666667,0.574485375207832
8,2020,CUPE,5.2,1.8895356116215982
8,2020,GUIL,5.656666666666666,1.318286069455162
8,2020,LEWI,2.788,0.6575681425289439
8,2020,MCDI,6.316666666666666,1.7741234805654833
8,2020,OKSR,6.243333333333333,2.6141963581318937
8,2020,WLOU,2.13,0.5357238094391549
8,2021,BLUE,24.169999999999998,2.918266762802264
8,2021,CARI,2.911111111111111,1.0245793266040308
8,2021,COMO,1.6288333333333334,0.4897425531456113
8,2021,CUPE,4.849666666666667,1.5870716545832482
8,2021,GUIL,4.308333333333334,1.3614193489436535
8,2021,HOPB,5.003333333333333,1.3522607719675592
8,2021,LECO,6.96,1.7933978538152
8,2021,LEWI,2.718,0.6929218496015063
8,2021,MAYF,5.072333333333333,0.9073138959296978
8,2021,OKSR,6.572222222222222,3.0794727324029
8,2021,POSE,4.760666666666666,3.315268682442135
8,2021,REDB,2.0135,0.6935632020618144
8,2021,WALK,2.9133333333333336,1.0394737837610128
8,2021,WLOU,2.046666666666667,0.5394654655357904
8,2022,BIGC,3.287,1.299074338877893
8,2022,CARI,2.9366666666666665,0.7667591148658651
8,2022,GUIL,4.882666666666666,1.519232867518053
8,2022,OKSR,6.423333333333334,2.7154326934475246
8,2022,POSE,5.872,3.7789073407077836
8,2022,WLOU,2.079,0.5416472321889322
9,2015,KING,3.5833333333333335,1.0799372054967327
9,2015,LECO,4.876666666666667,1.464448427020323
9,2015,WALK,3.046666666666667,0.8032701524724464
9,2016,CARI,3.11,1.2121795701730118
9,2016,GUIL,5.6883333333333335,1.629188677571274
9,2016,LEWI,3.043,0.7197468424671131
9,2016,MAYF,4.12,1.277767449566788
9,2016,OKSR,7.061,2.603759020048276
9,2016,WLOU,2.2183333333333333,0.4735200781042089
9,2017,BIGC,3.745,1.2676580361247762
9,2017,CARI,2.9383333333333335,0.9048066872227116
9,2017,COMO,1.9866666666666666,0.5230766630258884
9,2017,CUPE,5.626666666666667,1.436214692752501
9,2017,GUIL,5.336666666666667,1.307665288117386
9,2017,HOPB,7.39,1.1323914273905407
9,2017,LEWI,3.1113333333333335,0.676301979751717
9,2017,MAYF,4.0633333333333335,0.9640014785127212
9,2017,MCRA,4.766666666666667,1.6781215551988446
9,2017,OKSR,8.253333333333334,3.980706342912743
9,2017,REDB,2.4939999999999998,0.6752603584722991
9,2017,TECR,2.08,0.9121403400793103
9,2017,WALK,3.7,0.6324555320336758
9,2017,WLOU,1.988888888888889,0.5143326524762413
9,2018,BLDE,3.1216666666666666,0.9075054225479995
9,2018,CARI,3.4266666666666667,1.205142238946073
9,2018,COMO,1.34,0.5543557926346456
9,2018,CUPE,5.0393333333333334,1.5758521139553263
9,2018,GUIL,6.046666666666667,1.898408286694015
9,2018,HOPB,5.798333333333333,1.0679445911270462
9,2018,LECO,6.67,1.8619881847100963
9,2018,MCDI,4.423333333333334,1.918276651250925
9,2018,MCRA,4.536666666666667,1.3158145067189198
9,2018,OKSR,7.8966666666666665,3.2402639914771263
9,2018,POSE,8.817,3.108511285775412
9,2019,BIGC,3.9456666666666664,1.149826623612367
9,2019,CARI,1.78,1.0889412764002822
9,2019,COMO,1.6906666666666668,0.6265614168136656
9,2019,CUPE,5.39,1.9862197676786024
9,2019,GUIL,5.4366666666666665,1.276169736125371
9,2019,HOPB,3.6966666666666668,0.9294912710663321
9,2019,KING,4.233333333333333,2.3756426837636044
9,2019,LEWI,2.966,0.6589940086588617
9,2019,MART,3.46,1.246125028320552
9,2019,MCDI,5.351666666666667,2.1057219597447836
9,2019,MCRA,5.236666666666666,2.015711277446001
9,2019,OKSR,7.58,2.7995641307235486
9,2019,POSE,4.825,3.3017370036662994
9,2019,TECR,1.9413333333333334,0.7937807103299714
9,2019,WALK,3.4566666666666666,0.6790883002527948
9,2019,WLOU,1.9186666666666667,0.44146881276447847
9,2020,BLDE,3.1123333333333334,1.0904908206331025
9,2020,CARI,3.4343333333333335,0.849115902625757
9,2020,COMO,1.4,0.7327322510468186
9,2020,CUPE,5.465,1.567182294702051
9,2020,GUIL,5.613333333333333,1.1148630141097537
9,2020,HOPB,3.504166666666667,0.9827017266779473
9,2020,LEWI,3.114333333333333,0.7183058772788465
9,2020,OKSR,6.525555555555556,2.675547244710258
9,2021,BLUE,23.41,2.8396636517680074
9,2021,CUPE,4.475,1.2338438676166334
9,2021,GUIL,5.785,1.365659497118138
9,2021,HOPB,5.35,1.126100993817101
9,2021,LECO,6.226666666666667,1.8258551767423346
9,2021,LEWI,3.0326666666666666,0.6768636257150269
9,2021,MAYF,4.47,0.8145868426005486
9,2021,OKSR,7.67,4.306302518322458
9,2021,POSE,5.803,3.57929019162488
9,2021,REDB,2.012,0.8444357430485347
9,2021,WALK,3.5016666666666665,0.8325783936718484
9,2022,BLUE,21.953333333333333,3.518104243945078
9,2022,COMO,1.59,0.4316288316086659
9,2022,LECO,6.125,2.2296106819585004
9,2022,LEWI,3.3273333333333333,0.8934046977842619
9,2022,MAYF,4.34,0.8712258506028276
10,2015,COMO,1.76,0.7294778482136951
10,2015,LECO,6.315,1.6116971789421761
10,2015,POSE,6.883333333333333,5.004279777545818
10,2015,REDB,2.5516666666666667,1.0205207708215256
10,2016,CUPE,5.866666666666666,1.2211733569874885
10,2016,LEWI,3.2616666666666667,0.8093295792296806
10,2016,MAYF,3.6633333333333336,0.9611355831491218
10,2016,MCRA,5.601111111111111,2.060080419748271
10,2016,POSE,5.342666666666666,3.2527716916747966
10,2016,REDB,2.7266666666666666,0.8550351206069048
10,2016,WALK,3.1566666666666667,0.6306446255048566
10,2017,BIGC,3.953333333333333,1.0738211927611545
10,2017,COMO,1.6466666666666667,0.649526795037175
10,2017,CUPE,5.6866666666666665,1.7146394681527444
10,2017,GUIL,7.926666666666667,1.8352737902169995
10,2017,LECO,5.24,1.442603011322194
10,2017,LEWI,3.266,0.8198595338058915
10,2017,MCRA,5.783333333333333,2.693937425140887
10,2017,POSE,4.445666666666667,3.019365865522934
10,2017,REDB,2.698,0.6847622290582532
10,2017,TECR,1.9983333333333333,0.7733138869929157
10,2017,WALK,3.48,0.8934242533934951
10,2017,WLOU,2.2025,0.632684956544162
10,2018,BIGC,3.836666666666667,1.184085077713746
10,2018,BLDE,3.030666666666667,0.8955896962084826
10,2018,CARI,3,0.8823948603970744
10,2018,COMO,1.23,0.5336277922762787
10,2018,HOPB,5.386666666666667,0.9306035614082654
10,2018,LEWI,4.124333333333333,0.810715662274679
10,2018,MART,3.0533333333333332,1.068267476945194
10,2018,MAYF,4.05,0.8873633940519793
10,2018,MCDI,5.03,1.9589141960755216
10,2018,TECR,1.529,0.6625361408489612
10,2018,WALK,3.4816666666666665,0.8651772125960104
10,2018,WLOU,1.6628333333333334,0.43883548388992427
10,2019,COMO,1.3766666666666667,0.6300976023647028
10,2019,CUPE,7.0633333333333335,1.653727937707416
10,2019,GUIL,5.613333333333333,1.2629285434050206
10,2019,HOPB,3.55,1.2955494108146046
10,2019,LECO,5.363333333333333,1.662669920449581
10,2019,LEWI,3.201,0.8514707357232563
10,2019,MAYF,4.196666666666666,0.6625360541046093
10,2019,MCDI,5.178,2.310075980240208
10,2019,POSE,5.059333333333333,3.649917271932889
10,2019,WLOU,1.9876666666666667,0.5811740989869846
10,2020,BLDE,3.03,1.0960430396784544
10,2020,COMO,1.29,0.6135425680086269
10,2020,HOPB,4.906666666666666,1.2223715026110027
10,2020,LEWI,3.263333333333333,0.7618142290218987
10,2020,MART,4.13,0.9036897545141215
10,2020,MAYF,4.086666666666667,0.8532830444951948
10,2020,POSE,7.4190000000000005,3.5584405243754236
10,2020,REDB,2.7843333333333335,0.9680434705732694
10,2021,CUPE,4.64,1.2449484132782924
10,2021,GUIL,6.013333333333334,1.2427148626636189
10,2021,HOPB,6.166666666666667,1.4203771556765534
10,2021,LEWI,3.033333333333333,0.6327407996488214
10,2021,MART,3.89,1.0485951192609715
10,2021,POSE,5.799666666666667,3.5946286397166625
10,2021,WLOU,1.8343333333333334,0.4737792540932912
10,2022,CARI,3.2333333333333334,1.0300094855048108
10,2022,HOPB,4.546666666666667,0.9912490669068387
10,2022,POSE,4.738333333333333,3.084302954095735
11,2015,LECO,6.716666666666667,1.6712752375178153
11,2015,REDB,2.454,0.9250766344800938
11,2016,CUPE,6.6,1.0497947254188513
11,2016,GUIL,5.8136363636363635,1.6511015606668062
11,2016,LECO,4.816666666666666,1.3235488692131478
11,2016,MCRA,5.976666666666667,1.701253763497995
11,2016,WLOU,1.7933333333333334,0.7394934581946236
11,2017,ARIK,4.8133333333333335,2.194936702148101
11,2017,BLUE,21.69,3.360146753773792
11,2017,CUPE,5.6000000000000005,1.3033114323350241
11,2017,GUIL,8.553333333333333,2.1023358656394615
11,2017,HOPB,5.156666666666666,1.040451935403581
11,2017,MAYF,4.13,0.8420172821553461
11,2017,MCRA,6.486666666666666,1.8944079838290915
11,2018,ARIK,3.8983333333333334,2.178826590331241
11,2018,BLUE,23.356666666666666,3.0845201195349805
11,2018,HOPB,5.6883333333333335,1.0876012305903342
11,2018,LECO,7.3,2.054767375037194
11,2018,MART,3.6083333333333334,1.445307036369273
11,2018,MCDI,4.403333333333333,1.9151813335112382
11,2018,MCRA,4.826666666666667,1.7690701499381813
11,2018,TECR,1.3853333333333333,0.6711993040424926
11,2019,ARIK,7.189333333333333,3.2434729506516926
11,2019,BIGC,3.9939999999999998,1.103729102196043
11,2019,BLUE,23.766666666666666,2.817963722305503
11,2019,HOPB,4.886666666666667,1.0493785791118717
11,2019,LECO,7.31,1.6928551682555881
11,2019,MART,4.243333333333333,1.2007577645135374
11,2019,MCRA,4.466666666666667,1.9102867330060298
11,2019,TECR,1.6666666666666667,0.7105623481262658
11,2019,WALK,3.216666666666667,0.7965803348596157
11,2020,BIGC,3.404,1.0769484347147187
11,2020,HOPB,4.39,1.0049360933532727
11,2020,LECO,7.8533333333333335,1.871516687781244
11,2020,MART,5.4799999999999995,1.2895869426908062
11,2020,MAYF,4.4366666666666665,0.717506858471766
11,2020,POSE,6.299,3.3718474039099453
11,2020,WALK,3.4,0.6690188389698394
11,2021,ARIK,3.9539999999999997,2.4805027299125166
11,2021,CUPE,4.452333333333334,1.609128449756604
11,2021,GUIL,5.096666666666667,1.7313505458582552
11,2021,HOPB,5.29,0.9806226030717282
11,2021,LECO,6.033333333333333,1.7705119721928346
11,2021,MAYF,5.4463333333333335,1.1352486688958878
11,2021,SYCA,4.348333333333334,1.180698458783915
11,2021,WALK,3.344333333333333,0.8502603387658164
11,2022,LECO,7.246666666666667,1.8134998233237858
11,2022,LEWI,3.130333333333333,0.6831896961456169
11,2022,WALK,2.933333333333333,0.7952806198869781
12,2015,LECO,6.54,1.7622404845604156
12,2015,POSE,7.92,5.165762620201964
12,2016,LEWI,3.1773333333333333,0.7567349708398271
12,2016,MCRA,5.913333333333333,1.399195170959642
12,2016,POSE,5.523214285714285,3.1376023560951034
12,2016,WALK,2.9466666666666668,0.6821534529219458
12,2017,CUPE,4.62,1.482279232849847
12,2017,GUIL,7.605,1.9893834602017122
12,2017,LECO,6.723333333333334,1.6654052697898125
12,2017,LEWI,3.2956666666666665,0.7247624263940864
12,2017,MART,5.8549999999999995,1.9903517277104568
12,2017,POSE,5.267,3.080301317549397
12,2017,WALK,3.7866666666666666,0.7238466847257821
12,2018,BIGC,3.8916666666666666,1.1982086725560392
12,2018,LECO,7.1866666666666665,2.2191538203019907
12,2018,LEWI,3.853666666666667,0.7523640137562417
12,2018,MART,5.293333333333333,1.0410012563965565
12,2018,MAYF,5.446666666666666,1.1069477554669567
12,2018,MCDI,4.83,1.9131396834198653
12,2018,POSE,6.850333333333333,2.9089084139792956
12,2019,BIGC,4.026,1.1106928561441527
12,2019,LECO,7.71,2.396455716260995
12,2019,LEWI,3.3666666666666667,0.772177098381173
12,2019,MART,4.6066666666666665,0.9251032871815034
12,2019,MAYF,5.1546666666666665,0.7205349226183584
12,2019,MCRA,5.113333333333333,2.3609953093080707
12,2019,POSE,5.759,3.1771786985875723
12,2019,SYCA,6.128125,0.9709048614565693
12,2019,TECR,1.984,0.6872714667185866
12,2020,ARIK,5.426666666666667,3.1784764658053017
12,2020,CUPE,4.559333333333333,1.442595681003716
12,2020,GUIL,5.718,1.4189126482797578
12,2020,LEWI,3.389,0.7039805541985199
12,2020,MART,4.363333333333333,0.8260764485509648
12,2020,TECR,1.7073333333333334,0.7230630884542907
12,2020,WALK,3.12,0.827709760891982
12,2021,ARIK,4.55,2.376283682124471
12,2021,LEWI,3.265,0.7294152121556952
