reach_id,site_id,date,reach,month,year,year_month,measured_reach_length,n,mean_wetted_width_m,sd_wetted_width_m,fixed_random_reach,1,2,3,target_taxa_present,site_int,increased
ARIK.20180402.01,ARIK,2018-04-02,01,4,2018,2018_4,86,1,5.868388888888889,2.959199521209751,fixed,66,44,32,NA,1,depletion
ARIK.20180403.06,ARIK,2018-04-03,06,4,2018,2018_4,99,1,5.868388888888889,2.959199521209751,fixed,48,44,19,NA,2,depletion
ARIK.20180404.09,ARIK,2018-04-04,09,4,2018,2018_4,113,1,5.868388888888889,2.959199521209751,fixed,71,43,20,NA,3,depletion
ARIK.20181015.01,ARIK,2018-10-15,01,10,2018,2018_10,86,1,5.868388888888889,2.959199521209751,fixed,251,202,141,NA,4,depletion
ARIK.20181017.06,ARIK,2018-10-17,06,10,2018,2018_10,102,1,5.868388888888889,2.959199521209751,fixed,29,13,159,NA,5,no depletion
ARIK.20181018.09,ARIK,2018-10-18,09,10,2018,2018_10,112,1,5.868388888888889,2.959199521209751,fixed,208,159,155,NA,6,depletion
ARIK.20190409.01,ARIK,2019-04-09,01,4,2019,2019_4,86,1,5.868388888888889,2.959199521209751,fixed,44,29,23,NA,7,depletion
ARIK.20190410.06,ARIK,2019-04-10,06,4,2019,2019_4,102,1,5.868388888888889,2.959199521209751,fixed,100,71,32,NA,8,depletion
ARIK.20191014.01,ARIK,2019-10-14,01,10,2019,2019_10,86,1,5.868388888888889,2.959199521209751,fixed,168,222,139,NA,9,depletion
ARIK.20191015.06,ARIK,2019-10-15,06,10,2019,2019_10,102,1,5.868388888888889,2.959199521209751,fixed,211,184,130,NA,10,depletion
ARIK.20191016.09,ARIK,2019-10-16,09,10,2019,2019_10,113,1,5.868388888888889,2.959199521209751,fixed,318,260,147,NA,11,depletion
ARIK.20210405.01,ARIK,2021-04-05,01,4,2021,2021_4,91,1,5.868388888888889,2.959199521209751,fixed,4,0,8,N,12,no depletion
ARIK.20210406.06,ARIK,2021-04-06,06,4,2021,2021_4,95,1,5.868388888888889,2.959199521209751,fixed,2,3,5,NA,13,no depletion
ARIK.20210408.09,ARIK,2021-04-08,09,4,2021,2021_4,119,1,5.868388888888889,2.959199521209751,fixed,7,5,6,NA,14,depletion
ARIK.20220329.01,ARIK,2022-03-29,01,3,2022,2022_3,91,1,5.868388888888889,2.959199521209751,fixed,1,0,1,N,15,depletion
ARIK.20220330.06,ARIK,2022-03-30,06,3,2022,2022_3,80,1,5.868388888888889,2.959199521209751,fixed,3,7,4,NA,16,no depletion
ARIK.20220331.09,ARIK,2022-03-31,09,3,2022,2022_3,119,1,5.868388888888889,2.959199521209751,fixed,2,1,8,NA,17,no depletion
BIGC.20181015.01,BIGC,2018-10-15,01,10,2018,2018_10,100,1,3.9177222222222223,1.0651412824948154,fixed,34,22,15,NA,18,depletion
BIGC.20181017.04,BIGC,2018-10-17,04,10,2018,2018_10,100,1,3.9177222222222223,1.0651412824948154,fixed,68,29,8,NA,19,depletion
BIGC.20181018.07,BIGC,2018-10-18,07,10,2018,2018_10,90,1,3.9177222222222223,1.0651412824948154,fixed,62,14,9,NA,20,depletion
BIGC.20190422.01,BIGC,2019-04-22,01,4,2019,2019_4,105,1,3.9177222222222223,1.0651412824948154,fixed,27,7,10,NA,21,depletion
BIGC.20190423.04,BIGC,2019-04-23,04,4,2019,2019_4,100,1,3.9177222222222223,1.0651412824948154,fixed,36,23,17,NA,22,depletion
BIGC.20190424.07,BIGC,2019-04-24,07,4,2019,2019_4,90,1,3.9177222222222223,1.0651412824948154,fixed,15,12,7,NA,23,depletion
BIGC.20191021.01,BIGC,2019-10-21,01,10,2019,2019_10,102,1,3.9177222222222223,1.0651412824948154,fixed,54,11,10,NA,24,depletion
BIGC.20191022.04,BIGC,2019-10-22,04,10,2019,2019_10,102,1,3.9177222222222223,1.0651412824948154,fixed,71,26,22,NA,25,depletion
BIGC.20191023.07,BIGC,2019-10-23,07,10,2019,2019_10,100,1,3.9177222222222223,1.0651412824948154,fixed,53,8,12,NA,26,depletion
BIGC.20210419.01,BIGC,2021-04-19,01,4,2021,2021_4,100,1,3.9177222222222223,1.0651412824948154,fixed,39,21,8,NA,27,depletion
BIGC.20210420.04,BIGC,2021-04-20,04,4,2021,2021_4,77,1,3.9177222222222223,1.0651412824948154,fixed,25,8,3,NA,28,depletion
BIGC.20210421.07,BIGC,2021-04-21,07,4,2021,2021_4,91,1,3.9177222222222223,1.0651412824948154,fixed,44,23,12,NA,29,depletion
BIGC.20220425.01,BIGC,2022-04-25,01,4,2022,2022_4,100,1,3.9177222222222223,1.0651412824948154,fixed,24,9,13,NA,30,depletion
BIGC.20220426.04,BIGC,2022-04-26,04,4,2022,2022_4,100,1,3.9177222222222223,1.0651412824948154,fixed,57,27,14,NA,31,depletion
BIGC.20220427.07,BIGC,2022-04-27,07,4,2022,2022_4,100,1,3.9177222222222223,1.0651412824948154,fixed,61,20,6,NA,32,depletion
BIGC.20221011.01,BIGC,2022-10-11,01,10,2022,2022_10,100,1,3.9177222222222223,1.0651412824948154,fixed,12,8,2,NA,33,depletion
BLDE.20180918.02,BLDE,2018-09-18,02,9,2018,2018_9,82,1,3.6305396825396827,1.534230213295712,fixed,14,11,4,NA,34,depletion
BLDE.20180918.03,BLDE,2018-09-18,03,9,2018,2018_9,90,1,3.6305396825396827,1.534230213295712,fixed,23,9,14,NA,35,depletion
BLDE.20180919.06,BLDE,2018-09-19,06,9,2018,2018_9,96,1,3.6305396825396827,1.534230213295712,fixed,14,10,8,NA,36,depletion
BLDE.20190923.02,BLDE,2019-09-23,02,9,2019,2019_9,82,1,3.6305396825396827,1.534230213295712,fixed,22,15,10,NA,37,depletion
BLDE.20190924.03,BLDE,2019-09-24,03,9,2019,2019_9,90,1,3.6305396825396827,1.534230213295712,fixed,48,23,11,NA,38,depletion
BLDE.20190925.06,BLDE,2019-09-25,06,9,2019,2019_9,96,1,3.6305396825396827,1.534230213295712,fixed,26,19,18,NA,39,depletion
BLDE.20201006.02,BLDE,2020-10-06,02,10,2020,2020_10,82,1,3.6305396825396827,1.534230213295712,fixed,23,16,11,NA,40,depletion
BLDE.20210927.02,BLDE,2021-09-27,02,9,2021,2021_9,82,1,3.6305396825396827,1.534230213295712,fixed,36,14,14,NA,41,depletion
BLDE.20210928.03,BLDE,2021-09-28,03,9,2021,2021_9,90,1,3.6305396825396827,1.534230213295712,fixed,54,26,25,NA,42,depletion
BLDE.20210929.06,BLDE,2021-09-29,06,9,2021,2021_9,96,1,3.6305396825396827,1.534230213295712,fixed,47,26,22,NA,43,depletion
BLDE.20230918.02,BLDE,2023-09-18,02,9,2023,2023_9,80,1,3.6305396825396827,1.534230213295712,fixed,33,15,17,NA,44,depletion
BLUE.20220329.04,BLUE,2022-03-29,04,3,2022,2022_3,101,1,22.79047619047619,3.299157224258042,fixed,672,375,175,NA,45,depletion
BLUE.20221026.04,BLUE,2022-10-26,04,10,2022,2022_10,100,1,22.79047619047619,3.299157224258042,fixed,714,282,218,NA,46,depletion
BLUE.20231101.04,BLUE,2023-11-01,04,11,2023,2023_11,100,1,22.79047619047619,3.299157224258042,fixed,801,543,321,NA,47,depletion
CARI.20180904.01,CARI,2018-09-04,01,9,2018,2018_9,100,1,2.999136,1.054752433351319,fixed,1,1,0,N,48,depletion
CARI.20190520.01,CARI,2019-05-20,01,5,2019,2019_5,82,1,2.999136,1.054752433351319,fixed,1,0,0,N,49,depletion
CARI.20190917.10,CARI,2019-09-17,10,9,2019,2019_9,97,1,2.999136,1.054752433351319,fixed,1,1,0,N,50,depletion
CARI.20210525.06,CARI,2021-05-25,06,5,2021,2021_5,92,1,2.999136,1.054752433351319,fixed,0,0,1,N,51,no depletion
CARI.20210526.10,CARI,2021-05-26,10,5,2021,2021_5,97,1,2.999136,1.054752433351319,fixed,1,0,0,N,52,depletion
CARI.20220531.01,CARI,2022-05-31,01,5,2022,2022_5,89,1,2.999136,1.054752433351319,fixed,2,1,0,N,53,depletion
CARI.20220825.01,CARI,2022-08-25,01,8,2022,2022_8,79,1,2.999136,1.054752433351319,fixed,24,15,17,NA,54,depletion
CARI.20220826.06,CARI,2022-08-26,06,8,2022,2022_8,92,1,2.999136,1.054752433351319,fixed,9,1,1,NA,55,depletion
CARI.20220829.10,CARI,2022-08-29,10,8,2022,2022_8,97,1,2.999136,1.054752433351319,fixed,12,1,1,NA,56,depletion
CARI.20230606.01,CARI,2023-06-06,01,6,2023,2023_6,80,1,2.999136,1.054752433351319,fixed,1,0,0,N,57,depletion
CARI.20230608.06,CARI,2023-06-08,06,6,2023,2023_6,91,1,2.999136,1.054752433351319,fixed,1,0,0,N,58,depletion
CUPE.20180213.03,CUPE,2018-02-13,03,2,2018,2018_2,100,1,4.872858333333333,1.6330653176997496,fixed,4,1,0,N,59,depletion
CUPE.20180214.06,CUPE,2018-02-14,06,2,2018,2018_2,100,1,4.872858333333333,1.6330653176997496,fixed,0,0,2,N,60,no depletion
CUPE.20180215.08,CUPE,2018-02-15,08,2,2018,2018_2,81,1,4.872858333333333,1.6330653176997496,fixed,3,4,1,NA,61,depletion
CUPE.20181127.03,CUPE,2018-11-27,03,11,2018,2018_11,100,1,4.872858333333333,1.6330653176997496,fixed,7,3,3,NA,62,depletion
CUPE.20181128.06,CUPE,2018-11-28,06,11,2018,2018_11,100,1,4.872858333333333,1.6330653176997496,fixed,6,3,5,NA,63,depletion
CUPE.20181129.08,CUPE,2018-11-29,08,11,2018,2018_11,81,1,4.872858333333333,1.6330653176997496,fixed,8,4,2,NA,64,depletion
CUPE.20190204.03,CUPE,2019-02-04,03,2,2019,2019_2,100,1,4.872858333333333,1.6330653176997496,fixed,18,9,3,NA,65,depletion
CUPE.20190205.06,CUPE,2019-02-05,06,2,2019,2019_2,100,1,4.872858333333333,1.6330653176997496,fixed,26,20,5,NA,66,depletion
CUPE.20190206.08,CUPE,2019-02-06,08,2,2019,2019_2,81,1,4.872858333333333,1.6330653176997496,fixed,5,0,0,N,67,depletion
CUPE.20191202.03,CUPE,2019-12-02,03,12,2019,2019_12,100,1,4.872858333333333,1.6330653176997496,fixed,14,8,4,NA,68,depletion
CUPE.20191203.06,CUPE,2019-12-03,06,12,2019,2019_12,100,1,4.872858333333333,1.6330653176997496,fixed,20,25,19,NA,69,depletion
CUPE.20191204.08,CUPE,2019-12-04,08,12,2019,2019_12,81,1,4.872858333333333,1.6330653176997496,fixed,4,3,3,NA,70,depletion
CUPE.20210222.03,CUPE,2021-02-22,03,2,2021,2021_2,100,1,4.872858333333333,1.6330653176997496,fixed,41,12,8,NA,71,depletion
CUPE.20211213.03,CUPE,2021-12-13,03,12,2021,2021_12,107,1,4.872858333333333,1.6330653176997496,fixed,47,32,22,NA,72,depletion
CUPE.20220221.03,CUPE,2022-02-21,03,2,2022,2022_2,105,1,4.872858333333333,1.6330653176997496,fixed,56,50,14,NA,73,depletion
CUPE.20221128.03,CUPE,2022-11-28,03,11,2022,2022_11,104,1,4.872858333333333,1.6330653176997496,fixed,7,7,6,NA,74,depletion
CUPE.20221130.06,CUPE,2022-11-30,06,11,2022,2022_11,99,1,4.872858333333333,1.6330653176997496,fixed,16,11,6,NA,75,depletion
CUPE.20221201.08,CUPE,2022-12-01,08,12,2022,2022_12,85,1,4.872858333333333,1.6330653176997496,fixed,11,5,4,NA,76,depletion
CUPE.20230215.03,CUPE,2023-02-15,03,2,2023,2023_2,105,1,4.872858333333333,1.6330653176997496,fixed,22,9,6,NA,77,depletion
CUPE.20230216.06,CUPE,2023-02-16,06,2,2023,2023_2,99,1,4.872858333333333,1.6330653176997496,fixed,34,17,26,NA,78,depletion
CUPE.20231204.03,CUPE,2023-12-04,03,12,2023,2023_12,105,1,4.872858333333333,1.6330653176997496,fixed,35,13,14,NA,79,depletion
GUIL.20180206.02,GUIL,2018-02-06,02,2,2018,2018_2,88,1,5.746488785769528,1.7794200752625022,fixed,6,3,3,NA,80,depletion
GUIL.20180207.05,GUIL,2018-02-07,05,2,2018,2018_2,120,1,5.746488785769528,1.7794200752625022,fixed,17,12,10,NA,81,depletion
GUIL.20180208.09,GUIL,2018-02-08,09,2,2018,2018_2,94,1,5.746488785769528,1.7794200752625022,fixed,83,47,47,NA,82,depletion
GUIL.20181204.02,GUIL,2018-12-04,02,12,2018,2018_12,88,1,5.746488785769528,1.7794200752625022,fixed,494,374,109,NA,83,depletion
GUIL.20181205.05,GUIL,2018-12-05,05,12,2018,2018_12,120,1,5.746488785769528,1.7794200752625022,fixed,509,343,382,NA,84,depletion
GUIL.20181207.09,GUIL,2018-12-07,09,12,2018,2018_12,94,1,5.746488785769528,1.7794200752625022,fixed,436,196,76,NA,85,depletion
GUIL.20190212.05,GUIL,2019-02-12,05,2,2019,2019_2,120,1,5.746488785769528,1.7794200752625022,fixed,962,614,436,NA,86,depletion
GUIL.20190214.09,GUIL,2019-02-14,09,2,2019,2019_2,80,1,5.746488785769528,1.7794200752625022,fixed,464,97,54,NA,87,depletion
GUIL.20191119.05,GUIL,2019-11-19,05,11,2019,2019_11,115,1,5.746488785769528,1.7794200752625022,fixed,733,490,209,NA,88,depletion
GUIL.20191121.09,GUIL,2019-11-21,09,11,2019,2019_11,80,1,5.746488785769528,1.7794200752625022,fixed,537,246,119,NA,89,depletion
GUIL.20210223.09,GUIL,2021-02-23,09,2,2021,2021_2,80,1,5.746488785769528,1.7794200752625022,fixed,670,416,260,NA,90,depletion
GUIL.20211214.09,GUIL,2021-12-14,09,12,2021,2021_12,80,1,5.746488785769528,1.7794200752625022,fixed,343,370,291,NA,91,depletion
GUIL.20220224.09,GUIL,2022-02-24,09,2,2022,2022_2,78,1,5.746488785769528,1.7794200752625022,fixed,473,318,155,NA,92,depletion
GUIL.20221219.02,GUIL,2022-12-19,02,12,2022,2022_12,85,1,5.746488785769528,1.7794200752625022,fixed,340,180,62,NA,93,depletion
GUIL.20221220.05,GUIL,2022-12-20,05,12,2022,2022_12,130,1,5.746488785769528,1.7794200752625022,fixed,56,58,28,NA,94,depletion
GUIL.20221222.09,GUIL,2022-12-22,09,12,2022,2022_12,80,1,5.746488785769528,1.7794200752625022,fixed,134,62,73,NA,95,depletion
GUIL.20230220.09,GUIL,2023-02-20,09,2,2023,2023_2,79,1,5.746488785769528,1.7794200752625022,fixed,398,181,96,NA,96,depletion
GUIL.20230222.05,GUIL,2023-02-22,05,2,2023,2023_2,130,1,5.746488785769528,1.7794200752625022,fixed,145,52,33,NA,97,depletion
GUIL.20231127.09,GUIL,2023-11-27,09,11,2023,2023_11,78,1,5.746488785769528,1.7794200752625022,fixed,771,428,313,NA,98,depletion
HOPB.20180430.04,HOPB,2018-04-30,04,4,2018,2018_4,80,1,5.296934140802422,1.4894642832113534,fixed,17,10,13,NA,99,depletion
HOPB.20180501.06,HOPB,2018-05-01,06,5,2018,2018_5,82,1,5.296934140802422,1.4894642832113534,fixed,18,20,16,NA,100,depletion
HOPB.20180503.10,HOPB,2018-05-03,10,5,2018,2018_5,99,1,5.296934140802422,1.4894642832113534,fixed,91,53,36,NA,101,depletion
HOPB.20181022.04,HOPB,2018-10-22,04,10,2018,2018_10,80,1,5.296934140802422,1.4894642832113534,fixed,24,19,9,NA,102,depletion
HOPB.20181023.06,HOPB,2018-10-23,06,10,2018,2018_10,82,1,5.296934140802422,1.4894642832113534,fixed,27,18,11,NA,103,depletion
HOPB.20181025.10,HOPB,2018-10-25,10,10,2018,2018_10,99,1,5.296934140802422,1.4894642832113534,fixed,86,57,34,NA,104,depletion
HOPB.20190507.04,HOPB,2019-05-07,04,5,2019,2019_5,83,1,5.296934140802422,1.4894642832113534,fixed,20,7,7,NA,105,depletion
HOPB.20190508.06,HOPB,2019-05-08,06,5,2019,2019_5,82,1,5.296934140802422,1.4894642832113534,fixed,10,7,5,NA,106,depletion
HOPB.20190509.10,HOPB,2019-05-09,10,5,2019,2019_5,95,1,5.296934140802422,1.4894642832113534,fixed,76,38,25,NA,107,depletion
HOPB.20191022.04,HOPB,2019-10-22,04,10,2019,2019_10,82,1,5.296934140802422,1.4894642832113534,fixed,57,39,28,NA,108,depletion
HOPB.20191024.06,HOPB,2019-10-24,06,10,2019,2019_10,86,1,5.296934140802422,1.4894642832113534,fixed,30,19,13,NA,109,depletion
HOPB.20191025.10,HOPB,2019-10-25,10,10,2019,2019_10,93,1,5.296934140802422,1.4894642832113534,fixed,128,94,73,NA,110,depletion
HOPB.20201026.04,HOPB,2020-10-26,04,10,2020,2020_10,91,1,5.296934140802422,1.4894642832113534,fixed,56,18,15,NA,111,depletion
HOPB.20201027.06,HOPB,2020-10-27,06,10,2020,2020_10,93,1,5.296934140802422,1.4894642832113534,fixed,76,28,22,NA,112,depletion
HOPB.20201029.10,HOPB,2020-10-29,10,10,2020,2020_10,93,1,5.296934140802422,1.4894642832113534,fixed,162,114,46,NA,113,depletion
HOPB.20210504.04,HOPB,2021-05-04,04,5,2021,2021_5,96,1,5.296934140802422,1.4894642832113534,fixed,10,13,11,NA,114,no depletion
HOPB.20211029.04,HOPB,2021-10-29,04,10,2021,2021_10,87,1,5.296934140802422,1.4894642832113534,fixed,31,20,13,NA,115,depletion
HOPB.20220505.04,HOPB,2022-05-05,04,5,2022,2022_5,81,1,5.296934140802422,1.4894642832113534,fixed,4,0,3,N,116,depletion
HOPB.20220506.06,HOPB,2022-05-06,06,5,2022,2022_5,77,1,5.296934140802422,1.4894642832113534,fixed,34,14,5,NA,117,depletion
HOPB.20221025.04,HOPB,2022-10-25,04,10,2022,2022_10,90,1,5.296934140802422,1.4894642832113534,fixed,69,36,31,NA,118,depletion
HOPB.20221026.06,HOPB,2022-10-26,06,10,2022,2022_10,74,1,5.296934140802422,1.4894642832113534,fixed,56,32,27,NA,119,depletion
HOPB.20231024.04,HOPB,2023-10-24,04,10,2023,2023_10,82,1,5.296934140802422,1.4894642832113534,fixed,51,23,24,NA,120,depletion
HOPB.20231025.06,HOPB,2023-10-25,06,10,2023,2023_10,76,1,5.296934140802422,1.4894642832113534,fixed,53,36,14,NA,121,depletion
HOPB.20231026.10,HOPB,2023-10-26,10,10,2023,2023_10,87,1,5.296934140802422,1.4894642832113534,fixed,130,75,75,NA,122,depletion
KING.20180411.01,KING,2018-04-11,01,4,2018,2018_4,114,1,4.647719298245614,1.8768205151798236,fixed,247,371,535,NA,123,no depletion
KING.20180412.03,KING,2018-04-12,03,4,2018,2018_4,127,1,4.647719298245614,1.8768205151798236,fixed,192,136,112,NA,124,depletion
KING.20181031.03,KING,2018-10-31,03,10,2018,2018_10,70,1,4.647719298245614,1.8768205151798236,fixed,4,3,0,N,125,depletion
KING.20181101.01,KING,2018-11-01,01,11,2018,2018_11,115,1,4.647719298245614,1.8768205151798236,fixed,180,165,181,NA,126,no depletion
KING.20190408.01,KING,2019-04-08,01,4,2019,2019_4,121,1,4.647719298245614,1.8768205151798236,fixed,23,27,35,NA,127,no depletion
KING.20190409.03,KING,2019-04-09,03,4,2019,2019_4,89,1,4.647719298245614,1.8768205151798236,fixed,31,29,28,NA,128,depletion
KING.20190410.04,KING,2019-04-10,04,4,2019,2019_4,101,1,4.647719298245614,1.8768205151798236,fixed,68,85,105,NA,129,no depletion
KING.20191021.01,KING,2019-10-21,01,10,2019,2019_10,120,1,4.647719298245614,1.8768205151798236,fixed,193,198,124,NA,130,depletion
KING.20191022.03,KING,2019-10-22,03,10,2019,2019_10,100,1,4.647719298245614,1.8768205151798236,fixed,28,14,12,NA,131,depletion
KING.20191023.04,KING,2019-10-23,04,10,2019,2019_10,87,1,4.647719298245614,1.8768205151798236,fixed,31,12,11,NA,132,depletion
KING.20200618.01,KING,2020-06-18,01,6,2020,2020_6,120,1,4.647719298245614,1.8768205151798236,fixed,189,131,81,NA,133,depletion
KING.20201019.01,KING,2020-10-19,01,10,2020,2020_10,117,1,4.647719298245614,1.8768205151798236,fixed,998,940,808,NA,134,depletion
KING.20201020.03,KING,2020-10-20,03,10,2020,2020_10,65,1,4.647719298245614,1.8768205151798236,fixed,529,600,267,NA,135,depletion
KING.20201021.04,KING,2020-10-21,04,10,2020,2020_10,60,1,4.647719298245614,1.8768205151798236,fixed,281,296,447,NA,136,no depletion
KING.20210429.01,KING,2021-04-29,01,4,2021,2021_4,130,1,4.647719298245614,1.8768205151798236,fixed,243,233,189,NA,137,depletion
KING.20211020.03,KING,2021-10-20,03,10,2021,2021_10,94,1,4.647719298245614,1.8768205151798236,fixed,414,362,288,NA,138,depletion
KING.20211021.04,KING,2021-10-21,04,10,2021,2021_10,78,1,4.647719298245614,1.8768205151798236,fixed,361,253,179,NA,139,depletion
KING.20220516.01,KING,2022-05-16,01,5,2022,2022_5,120,1,4.647719298245614,1.8768205151798236,fixed,563,353,377,NA,140,depletion
LECO.20180605.01,LECO,2018-06-05,01,6,2018,2018_6,70,1,6.520714285714286,2.090941555739107,fixed,81,27,7,NA,141,depletion
LECO.20180606.04,LECO,2018-06-06,04,6,2018,2018_6,92,1,6.520714285714286,2.090941555739107,fixed,68,33,16,NA,142,depletion
LECO.20180607.10,LECO,2018-06-07,10,6,2018,2018_6,92,1,6.520714285714286,2.090941555739107,fixed,47,40,25,NA,143,depletion
LECO.20181023.01,LECO,2018-10-23,01,10,2018,2018_10,70,1,6.520714285714286,2.090941555739107,fixed,111,36,21,NA,144,depletion
LECO.20181024.04,LECO,2018-10-24,04,10,2018,2018_10,92,1,6.520714285714286,2.090941555739107,fixed,70,31,8,NA,145,depletion
LECO.20181025.10,LECO,2018-10-25,10,10,2018,2018_10,87,1,6.520714285714286,2.090941555739107,fixed,46,18,9,NA,146,depletion
LECO.20190410.01,LECO,2019-04-10,01,4,2019,2019_4,83,1,6.520714285714286,2.090941555739107,fixed,46,15,2,NA,147,depletion
LECO.20190411.04,LECO,2019-04-11,04,4,2019,2019_4,90,1,6.520714285714286,2.090941555739107,fixed,27,20,10,NA,148,depletion
LECO.20190417.10,LECO,2019-04-17,10,4,2019,2019_4,95,1,6.520714285714286,2.090941555739107,fixed,31,14,5,NA,149,depletion
LECO.20191021.01,LECO,2019-10-21,01,10,2019,2019_10,87,1,6.520714285714286,2.090941555739107,fixed,115,57,27,NA,150,depletion
LECO.20191022.04,LECO,2019-10-22,04,10,2019,2019_10,97,1,6.520714285714286,2.090941555739107,fixed,57,41,19,NA,151,depletion
LECO.20191023.10,LECO,2019-10-23,10,10,2019,2019_10,99,1,6.520714285714286,2.090941555739107,fixed,128,47,11,NA,152,depletion
LECO.20210524.01,LECO,2021-05-24,01,5,2021,2021_5,88,1,6.520714285714286,2.090941555739107,fixed,54,23,13,NA,153,depletion
LECO.20210525.04,LECO,2021-05-25,04,5,2021,2021_5,90,1,6.520714285714286,2.090941555739107,fixed,33,18,13,NA,154,depletion
LECO.20210526.10,LECO,2021-05-26,10,5,2021,2021_5,107,1,6.520714285714286,2.090941555739107,fixed,79,25,12,NA,155,depletion
LECO.20211101.01,LECO,2021-11-01,01,11,2021,2021_11,88,1,6.520714285714286,2.090941555739107,fixed,84,41,11,NA,156,depletion
LECO.20211102.04,LECO,2021-11-02,04,11,2021,2021_11,86,1,6.520714285714286,2.090941555739107,fixed,80,41,8,NA,157,depletion
LECO.20211103.10,LECO,2021-11-03,10,11,2021,2021_11,114,1,6.520714285714286,2.090941555739107,fixed,85,34,17,NA,158,depletion
LECO.20220406.01,LECO,2022-04-06,01,4,2022,2022_4,88,1,6.520714285714286,2.090941555739107,fixed,42,24,3,NA,159,depletion
LECO.20221031.01,LECO,2022-10-31,01,10,2022,2022_10,90,1,6.520714285714286,2.090941555739107,fixed,104,37,8,NA,160,depletion
LECO.20221101.04,LECO,2022-11-01,04,11,2022,2022_11,98,1,6.520714285714286,2.090941555739107,fixed,51,26,8,NA,161,depletion
LECO.20221102.10,LECO,2022-11-02,10,11,2022,2022_11,120,1,6.520714285714286,2.090941555739107,fixed,95,32,11,NA,162,depletion
LECO.20230404.01,LECO,2023-04-04,01,4,2023,2023_4,92,1,6.520714285714286,2.090941555739107,fixed,31,25,7,NA,163,depletion
LECO.20230405.04,LECO,2023-04-05,04,4,2023,2023_4,88,1,6.520714285714286,2.090941555739107,fixed,37,16,4,NA,164,depletion
LECO.20230406.10,LECO,2023-04-06,10,4,2023,2023_4,120,1,6.520714285714286,2.090941555739107,fixed,36,22,10,NA,165,depletion
LECO.20231030.01,LECO,2023-10-30,01,10,2023,2023_10,90,1,6.520714285714286,2.090941555739107,fixed,75,30,7,NA,166,depletion
LECO.20231031.04,LECO,2023-10-31,04,10,2023,2023_10,89,1,6.520714285714286,2.090941555739107,fixed,39,36,11,NA,167,depletion
LECO.20231102.10,LECO,2023-11-02,10,11,2023,2023_11,120,1,6.520714285714286,2.090941555739107,fixed,157,59,21,NA,168,depletion
LEWI.20180409.01,LEWI,2018-04-09,01,4,2018,2018_4,100,1,3.240222222222222,0.7765096837853547,fixed,127,98,55,NA,169,depletion
LEWI.20180410.04,LEWI,2018-04-10,04,4,2018,2018_4,96,1,3.240222222222222,0.7765096837853547,fixed,80,45,40,NA,170,depletion
LEWI.20180411.09,LEWI,2018-04-11,09,4,2018,2018_4,99,1,3.240222222222222,0.7765096837853547,fixed,49,28,26,NA,171,depletion
LEWI.20181029.01,LEWI,2018-10-29,01,10,2018,2018_10,99,1,3.240222222222222,0.7765096837853547,fixed,102,57,49,NA,172,depletion
LEWI.20181030.04,LEWI,2018-10-30,04,10,2018,2018_10,95,1,3.240222222222222,0.7765096837853547,fixed,84,61,44,NA,173,depletion
LEWI.20181031.09,LEWI,2018-10-31,09,10,2018,2018_10,96,1,3.240222222222222,0.7765096837853547,fixed,60,40,17,NA,174,depletion
LEWI.20190416.01,LEWI,2019-04-16,01,4,2019,2019_4,99,1,3.240222222222222,0.7765096837853547,fixed,59,50,43,NA,175,depletion
LEWI.20190417.04,LEWI,2019-04-17,04,4,2019,2019_4,101,1,3.240222222222222,0.7765096837853547,fixed,63,41,26,NA,176,depletion
LEWI.20190418.09,LEWI,2019-04-18,09,4,2019,2019_4,97,1,3.240222222222222,0.7765096837853547,fixed,48,32,31,NA,177,depletion
LEWI.20191029.01,LEWI,2019-10-29,01,10,2019,2019_10,99,1,3.240222222222222,0.7765096837853547,fixed,126,104,68,NA,178,depletion
LEWI.20191030.04,LEWI,2019-10-30,04,10,2019,2019_10,96,1,3.240222222222222,0.7765096837853547,fixed,153,77,46,NA,179,depletion
LEWI.20191101.09,LEWI,2019-11-01,09,11,2019,2019_11,97,1,3.240222222222222,0.7765096837853547,fixed,116,56,27,NA,180,depletion
LEWI.20201026.01,LEWI,2020-10-26,01,10,2020,2020_10,98,1,3.240222222222222,0.7765096837853547,fixed,127,116,54,NA,181,depletion
LEWI.20201027.04,LEWI,2020-10-27,04,10,2020,2020_10,98,1,3.240222222222222,0.7765096837853547,fixed,93,81,64,NA,182,depletion
LEWI.20201028.09,LEWI,2020-10-28,09,10,2020,2020_10,98,1,3.240222222222222,0.7765096837853547,fixed,63,40,29,NA,183,depletion
LEWI.20210412.01,LEWI,2021-04-12,01,4,2021,2021_4,99,1,3.240222222222222,0.7765096837853547,fixed,154,123,78,NA,184,depletion
LEWI.20210413.04,LEWI,2021-04-13,04,4,2021,2021_4,99,1,3.240222222222222,0.7765096837853547,fixed,110,102,71,NA,185,depletion
LEWI.20210415.09,LEWI,2021-04-15,09,4,2021,2021_4,101,1,3.240222222222222,0.7765096837853547,fixed,81,31,23,NA,186,depletion
LEWI.20211108.01,LEWI,2021-11-08,01,11,2021,2021_11,98,1,3.240222222222222,0.7765096837853547,fixed,151,90,73,NA,187,depletion
LEWI.20211109.04,LEWI,2021-11-09,04,11,2021,2021_11,98,1,3.240222222222222,0.7765096837853547,fixed,134,68,63,NA,188,depletion
LEWI.20211110.09,LEWI,2021-11-10,09,11,2021,2021_11,101,1,3.240222222222222,0.7765096837853547,fixed,121,58,37,NA,189,depletion
LEWI.20220411.01,LEWI,2022-04-11,01,4,2022,2022_4,99,1,3.240222222222222,0.7765096837853547,fixed,57,63,34,NA,190,depletion
LEWI.20220412.04,LEWI,2022-04-12,04,4,2022,2022_4,99,1,3.240222222222222,0.7765096837853547,fixed,92,56,30,NA,191,depletion
LEWI.20220413.09,LEWI,2022-04-13,09,4,2022,2022_4,102,1,3.240222222222222,0.7765096837853547,fixed,57,50,21,NA,192,depletion
LEWI.20221107.01,LEWI,2022-11-07,01,11,2022,2022_11,110,1,3.240222222222222,0.7765096837853547,fixed,36,48,25,NA,193,depletion
LEWI.20221108.04,LEWI,2022-11-08,04,11,2022,2022_11,95,1,3.240222222222222,0.7765096837853547,fixed,57,32,23,NA,194,depletion
LEWI.20221109.09,LEWI,2022-11-09,09,11,2022,2022_11,99,1,3.240222222222222,0.7765096837853547,fixed,86,22,32,NA,195,depletion
LEWI.20230410.01,LEWI,2023-04-10,01,4,2023,2023_4,94,1,3.240222222222222,0.7765096837853547,fixed,49,37,20,NA,196,depletion
LEWI.20230411.04,LEWI,2023-04-11,04,4,2023,2023_4,96,1,3.240222222222222,0.7765096837853547,fixed,42,48,9,NA,197,depletion
LEWI.20230412.09,LEWI,2023-04-12,09,4,2023,2023_4,99,1,3.240222222222222,0.7765096837853547,fixed,67,29,15,NA,198,depletion
LEWI.20231106.01,LEWI,2023-11-06,01,11,2023,2023_11,98,1,3.240222222222222,0.7765096837853547,fixed,106,102,76,NA,199,depletion
LEWI.20231107.04,LEWI,2023-11-07,04,11,2023,2023_11,96,1,3.240222222222222,0.7765096837853547,fixed,138,98,58,NA,200,depletion
LEWI.20231108.09,LEWI,2023-11-08,09,11,2023,2023_11,99,1,3.240222222222222,0.7765096837853547,fixed,91,70,49,NA,201,depletion
MART.20181015.01,MART,2018-10-15,01,10,2018,2018_10,111,1,4.875131313131313,1.6199864349658923,fixed,65,37,18,NA,202,depletion
MART.20181016.03,MART,2018-10-16,03,10,2018,2018_10,102,1,4.875131313131313,1.6199864349658923,fixed,79,27,25,NA,203,depletion
MART.20181017.07,MART,2018-10-17,07,10,2018,2018_10,97,1,4.875131313131313,1.6199864349658923,fixed,51,27,4,NA,204,depletion
MART.20191014.01,MART,2019-10-14,01,10,2019,2019_10,111,1,4.875131313131313,1.6199864349658923,fixed,27,14,5,NA,205,depletion
MART.20191016.03,MART,2019-10-16,03,10,2019,2019_10,91,1,4.875131313131313,1.6199864349658923,fixed,32,12,13,NA,206,depletion
MART.20191017.07,MART,2019-10-17,07,10,2019,2019_10,96,1,4.875131313131313,1.6199864349658923,fixed,34,15,12,NA,207,depletion
MART.20200927.01,MART,2020-09-27,01,9,2020,2020_9,110,1,4.875131313131313,1.6199864349658923,fixed,14,10,5,NA,208,depletion
MART.20200928.03,MART,2020-09-28,03,9,2020,2020_9,92,1,4.875131313131313,1.6199864349658923,fixed,12,20,9,NA,209,depletion
MART.20201001.07,MART,2020-10-01,07,10,2020,2020_10,99,1,4.875131313131313,1.6199864349658923,fixed,21,9,2,NA,210,depletion
MART.20221010.01,MART,2022-10-10,01,10,2022,2022_10,119,1,4.875131313131313,1.6199864349658923,fixed,25,20,9,NA,211,depletion
MART.20221011.03,MART,2022-10-11,03,10,2022,2022_10,92,1,4.875131313131313,1.6199864349658923,fixed,22,13,4,NA,212,depletion
MART.20221012.07,MART,2022-10-12,07,10,2022,2022_10,91,1,4.875131313131313,1.6199864349658923,fixed,29,18,4,NA,213,depletion
MART.20231009.01,MART,2023-10-09,01,10,2023,2023_10,120,1,4.875131313131313,1.6199864349658923,fixed,20,14,12,NA,214,depletion
MAYF.20180402.02,MAYF,2018-04-02,02,4,2018,2018_4,83,1,4.5865,1.1490020821066287,fixed,72,17,27,NA,215,depletion
MAYF.20180404.07,MAYF,2018-04-04,07,4,2018,2018_4,91,1,4.5865,1.1490020821066287,fixed,45,17,18,NA,216,depletion
MAYF.20180405.09,MAYF,2018-04-05,09,4,2018,2018_4,86,1,4.5865,1.1490020821066287,fixed,38,21,12,NA,217,depletion
MAYF.20181126.02,MAYF,2018-11-26,02,11,2018,2018_11,79,1,4.5865,1.1490020821066287,fixed,96,49,33,NA,218,depletion
MAYF.20181128.07,MAYF,2018-11-28,07,11,2018,2018_11,84,1,4.5865,1.1490020821066287,fixed,91,24,22,NA,219,depletion
MAYF.20181129.09,MAYF,2018-11-29,09,11,2018,2018_11,87,1,4.5865,1.1490020821066287,fixed,80,25,24,NA,220,depletion
MAYF.20190327.02,MAYF,2019-03-27,02,3,2019,2019_3,81,1,4.5865,1.1490020821066287,fixed,18,26,10,NA,221,depletion
MAYF.20190328.07,MAYF,2019-03-28,07,3,2019,2019_3,94,1,4.5865,1.1490020821066287,fixed,44,31,19,NA,222,depletion
MAYF.20190329.09,MAYF,2019-03-29,09,3,2019,2019_3,84,1,4.5865,1.1490020821066287,fixed,13,6,8,NA,223,depletion
MAYF.20191119.02,MAYF,2019-11-19,02,11,2019,2019_11,81,1,4.5865,1.1490020821066287,fixed,122,109,63,NA,224,depletion
MAYF.20191120.07,MAYF,2019-11-20,07,11,2019,2019_11,97,1,4.5865,1.1490020821066287,fixed,66,34,34,NA,225,depletion
MAYF.20191121.09,MAYF,2019-11-21,09,11,2019,2019_11,81,1,4.5865,1.1490020821066287,fixed,39,35,18,NA,226,depletion
MAYF.20201203.02,MAYF,2020-12-03,02,12,2020,2020_12,74,1,4.5865,1.1490020821066287,fixed,40,23,21,NA,227,depletion
MAYF.20210420.02,MAYF,2021-04-20,02,4,2021,2021_4,86,1,4.5865,1.1490020821066287,fixed,27,16,16,NA,228,depletion
MAYF.20210421.07,MAYF,2021-04-21,07,4,2021,2021_4,90,1,4.5865,1.1490020821066287,fixed,26,21,6,NA,229,depletion
MAYF.20210423.09,MAYF,2021-04-23,09,4,2021,2021_4,77,1,4.5865,1.1490020821066287,fixed,13,5,7,NA,230,depletion
MAYF.20211025.02,MAYF,2021-10-25,02,10,2021,2021_10,86,1,4.5865,1.1490020821066287,fixed,54,22,24,NA,231,depletion
MAYF.20211026.07,MAYF,2021-10-26,07,10,2021,2021_10,106,1,4.5865,1.1490020821066287,fixed,54,36,10,NA,232,depletion
MAYF.20211027.09,MAYF,2021-10-27,09,10,2021,2021_10,82,1,4.5865,1.1490020821066287,fixed,25,21,15,NA,233,depletion
MAYF.20220412.02,MAYF,2022-04-12,02,4,2022,2022_4,89,1,4.5865,1.1490020821066287,fixed,25,14,17,NA,234,depletion
MAYF.20221114.02,MAYF,2022-11-14,02,11,2022,2022_11,82,1,4.5865,1.1490020821066287,fixed,76,60,31,NA,235,depletion
MAYF.20221117.07,MAYF,2022-11-17,07,11,2022,2022_11,95,1,4.5865,1.1490020821066287,fixed,125,64,48,NA,236,depletion
MAYF.20221118.09,MAYF,2022-11-18,09,11,2022,2022_11,81,1,4.5865,1.1490020821066287,fixed,55,27,23,NA,237,depletion
MAYF.20230410.02,MAYF,2023-04-10,02,4,2023,2023_4,85,1,4.5865,1.1490020821066287,fixed,75,58,30,NA,238,depletion
MAYF.20231113.02,MAYF,2023-11-13,02,11,2023,2023_11,81,1,4.5865,1.1490020821066287,fixed,65,38,59,NA,239,depletion
MAYF.20231115.07,MAYF,2023-11-15,07,11,2023,2023_11,92,1,4.5865,1.1490020821066287,fixed,68,35,43,NA,240,depletion
MAYF.20231116.09,MAYF,2023-11-16,09,11,2023,2023_11,84,1,4.5865,1.1490020821066287,fixed,50,29,41,NA,241,depletion
MCDI.20180418.02,MCDI,2018-04-18,02,4,2018,2018_4,74,1,5.056111111111111,2.2114202455216674,fixed,92,91,79,NA,242,depletion
MCDI.20180419.04,MCDI,2018-04-19,04,4,2018,2018_4,82,1,5.056111111111111,2.2114202455216674,fixed,108,57,88,NA,243,depletion
MCDI.20181024.02,MCDI,2018-10-24,02,10,2018,2018_10,92,1,5.056111111111111,2.2114202455216674,fixed,97,55,73,NA,244,depletion
MCDI.20181026.04,MCDI,2018-10-26,04,10,2018,2018_10,94,1,5.056111111111111,2.2114202455216674,fixed,126,104,108,NA,245,depletion
MCDI.20190417.02,MCDI,2019-04-17,02,4,2019,2019_4,96,1,5.056111111111111,2.2114202455216674,fixed,76,78,74,NA,246,depletion
MCDI.20190418.04,MCDI,2019-04-18,04,4,2019,2019_4,103,1,5.056111111111111,2.2114202455216674,fixed,106,49,45,NA,247,depletion
MCDI.20191031.02,MCDI,2019-10-31,02,10,2019,2019_10,95,1,5.056111111111111,2.2114202455216674,fixed,104,52,32,NA,248,depletion
MCDI.20191101.04,MCDI,2019-11-01,04,11,2019,2019_11,NA,NA,5.056111111111111,2.2114202455216674,fixed,70,53,28,NA,249,depletion
MCDI.20200616.02,MCDI,2020-06-16,02,6,2020,2020_6,99,1,5.056111111111111,2.2114202455216674,fixed,102,62,33,NA,250,depletion
MCDI.20201030.02,MCDI,2020-10-30,02,10,2020,2020_10,73,1,5.056111111111111,2.2114202455216674,fixed,124,161,156,NA,251,no depletion
MCDI.20201102.04,MCDI,2020-11-02,04,11,2020,2020_11,NA,NA,5.056111111111111,2.2114202455216674,fixed,261,297,162,NA,252,depletion
MCDI.20210428.02,MCDI,2021-04-28,02,4,2021,2021_4,94,1,5.056111111111111,2.2114202455216674,fixed,365,152,85,NA,253,depletion
MCDI.20211026.02,MCDI,2021-10-26,02,10,2021,2021_10,79,1,5.056111111111111,2.2114202455216674,fixed,37,44,50,NA,254,no depletion
MCDI.20231030.02,MCDI,2023-10-30,02,10,2023,2023_10,87,1,5.056111111111111,2.2114202455216674,fixed,147,254,136,NA,255,depletion
MCRA.20181001.04,MCRA,2018-10-01,04,10,2018,2018_10,106,1,5.67609375,2.1661126584187844,fixed,52,24,6,NA,256,depletion
MCRA.20181002.06,MCRA,2018-10-02,06,10,2018,2018_10,87,1,5.67609375,2.1661126584187844,fixed,19,14,5,NA,257,depletion
MCRA.20181003.08,MCRA,2018-10-03,08,10,2018,2018_10,109,1,5.67609375,2.1661126584187844,fixed,36,11,16,NA,258,depletion
MCRA.20191008.04,MCRA,2019-10-08,04,10,2019,2019_10,102,1,5.67609375,2.1661126584187844,fixed,37,18,8,NA,259,depletion
MCRA.20191009.06,MCRA,2019-10-09,06,10,2019,2019_10,88,1,5.67609375,2.1661126584187844,fixed,18,11,13,NA,260,depletion
MCRA.20211102.04,MCRA,2021-11-02,04,11,2021,2021_11,101,1,5.67609375,2.1661126584187844,fixed,10,6,8,NA,261,depletion
MCRA.20211103.06,MCRA,2021-11-03,06,11,2021,2021_11,80,1,5.67609375,2.1661126584187844,fixed,7,8,11,NA,262,no depletion
MCRA.20211103.08,MCRA,2021-11-03,08,11,2021,2021_11,102,1,5.67609375,2.1661126584187844,fixed,9,5,3,NA,263,depletion
MCRA.20220928.04,MCRA,2022-09-28,04,9,2022,2022_9,105,1,5.67609375,2.1661126584187844,fixed,23,16,14,NA,264,depletion
OKSR.20190605.03,OKSR,2019-06-05,03,6,2019,2019_6,115,1,7.354269841269841,3.4071510822711897,fixed,1,1,0,N,265,depletion
OKSR.20190606.09,OKSR,2019-06-06,09,6,2019,2019_6,107,1,7.354269841269841,3.4071510822711897,fixed,0,2,2,N,266,no depletion
OKSR.20210811.03,OKSR,2021-08-11,03,8,2021,2021_8,106,1,7.354269841269841,3.4071510822711897,fixed,12,3,27,NA,267,no depletion
OKSR.20210812.06,OKSR,2021-08-12,06,8,2021,2021_8,72,1,7.354269841269841,3.4071510822711897,fixed,7,11,19,NA,268,no depletion
OKSR.20220815.03,OKSR,2022-08-15,03,8,2022,2022_8,110,1,7.354269841269841,3.4071510822711897,fixed,7,10,12,NA,269,no depletion
OKSR.20220816.06,OKSR,2022-08-16,06,8,2022,2022_8,80,1,7.354269841269841,3.4071510822711897,fixed,9,14,6,NA,270,depletion
OKSR.20220817.09,OKSR,2022-08-17,09,8,2022,2022_8,104,1,7.354269841269841,3.4071510822711897,fixed,8,4,4,NA,271,depletion
OKSR.20230816.03,OKSR,2023-08-16,03,8,2023,2023_8,114,1,7.354269841269841,3.4071510822711897,fixed,9,11,8,NA,272,depletion
POSE.20180402.02,POSE,2018-04-02,02,4,2018,2018_4,98,1,6.14115438108484,3.824478576740091,fixed,63,30,29,NA,273,depletion
POSE.20180403.07,POSE,2018-04-03,07,4,2018,2018_4,118,1,6.14115438108484,3.824478576740091,fixed,47,27,22,NA,274,depletion
POSE.20180404.09,POSE,2018-04-04,09,4,2018,2018_4,104,1,6.14115438108484,3.824478576740091,fixed,40,23,15,NA,275,depletion
POSE.20181112.02,POSE,2018-11-12,02,11,2018,2018_11,97,1,6.14115438108484,3.824478576740091,fixed,81,48,37,NA,276,depletion
POSE.20181113.07,POSE,2018-11-13,07,11,2018,2018_11,112,1,6.14115438108484,3.824478576740091,fixed,68,53,27,NA,277,depletion
POSE.20181114.09,POSE,2018-11-14,09,11,2018,2018_11,104,1,6.14115438108484,3.824478576740091,fixed,84,41,21,NA,278,depletion
POSE.20190408.02,POSE,2019-04-08,02,4,2019,2019_4,98,1,6.14115438108484,3.824478576740091,fixed,65,40,23,NA,279,depletion
POSE.20190410.07,POSE,2019-04-10,07,4,2019,2019_4,112,1,6.14115438108484,3.824478576740091,fixed,118,74,46,NA,280,depletion
POSE.20190411.09,POSE,2019-04-11,09,4,2019,2019_4,106,1,6.14115438108484,3.824478576740091,fixed,85,40,21,NA,281,depletion
POSE.20191111.02,POSE,2019-11-11,02,11,2019,2019_11,99,1,6.14115438108484,3.824478576740091,fixed,93,51,46,NA,282,depletion
POSE.20191112.07,POSE,2019-11-12,07,11,2019,2019_11,111,1,6.14115438108484,3.824478576740091,fixed,101,34,25,NA,283,depletion
POSE.20191114.09,POSE,2019-11-14,09,11,2019,2019_11,105,1,6.14115438108484,3.824478576740091,fixed,95,49,29,NA,284,depletion
POSE.20201109.02,POSE,2020-11-09,02,11,2020,2020_11,100,1,6.14115438108484,3.824478576740091,fixed,106,62,31,NA,285,depletion
POSE.20201110.07,POSE,2020-11-10,07,11,2020,2020_11,113,1,6.14115438108484,3.824478576740091,fixed,71,58,29,NA,286,depletion
POSE.20201111.09,POSE,2020-11-11,09,11,2020,2020_11,103,1,6.14115438108484,3.824478576740091,fixed,66,50,8,NA,287,depletion
POSE.20210405.02,POSE,2021-04-05,02,4,2021,2021_4,98,1,6.14115438108484,3.824478576740091,fixed,64,26,23,NA,288,depletion
POSE.20210406.07,POSE,2021-04-06,07,4,2021,2021_4,111,1,6.14115438108484,3.824478576740091,fixed,71,30,23,NA,289,depletion
POSE.20210407.09,POSE,2021-04-07,09,4,2021,2021_4,104,1,6.14115438108484,3.824478576740091,fixed,72,32,25,NA,290,depletion
POSE.20211025.02,POSE,2021-10-25,02,10,2021,2021_10,98,1,6.14115438108484,3.824478576740091,fixed,58,32,20,NA,291,depletion
POSE.20211026.07,POSE,2021-10-26,07,10,2021,2021_10,111,1,6.14115438108484,3.824478576740091,fixed,77,34,19,NA,292,depletion
POSE.20211027.09,POSE,2021-10-27,09,10,2021,2021_10,106,1,6.14115438108484,3.824478576740091,fixed,69,49,34,NA,293,depletion
POSE.20220404.02,POSE,2022-04-04,02,4,2022,2022_4,98,1,6.14115438108484,3.824478576740091,fixed,55,17,11,NA,294,depletion
POSE.20220405.07,POSE,2022-04-05,07,4,2022,2022_4,112,1,6.14115438108484,3.824478576740091,fixed,48,19,9,NA,295,depletion
POSE.20220406.09,POSE,2022-04-06,09,4,2022,2022_4,100,1,6.14115438108484,3.824478576740091,fixed,30,7,8,NA,296,depletion
POSE.20221031.02,POSE,2022-10-31,02,10,2022,2022_10,95,1,6.14115438108484,3.824478576740091,fixed,56,25,13,NA,297,depletion
POSE.20221101.07,POSE,2022-11-01,07,11,2022,2022_11,124,1,6.14115438108484,3.824478576740091,fixed,79,29,18,NA,298,depletion
POSE.20221102.09,POSE,2022-11-02,09,11,2022,2022_11,104,1,6.14115438108484,3.824478576740091,fixed,83,41,38,NA,299,depletion
POSE.20230404.02,POSE,2023-04-04,02,4,2023,2023_4,100,1,6.14115438108484,3.824478576740091,fixed,58,29,15,NA,300,depletion
POSE.20231030.02,POSE,2023-10-30,02,10,2023,2023_10,96,1,6.14115438108484,3.824478576740091,fixed,48,17,6,NA,301,depletion
POSE.20231031.07,POSE,2023-10-31,07,10,2023,2023_10,112,1,6.14115438108484,3.824478576740091,fixed,35,26,12,NA,302,depletion
PRIN.20180320.03,PRIN,2018-03-20,03,3,2018,2018_3,109,1,4.748708333333333,1.9554459038848864,fixed,43,31,28,NA,303,depletion
PRIN.20180321.07,PRIN,2018-03-21,07,3,2018,2018_3,76,1,4.748708333333333,1.9554459038848864,fixed,58,28,29,NA,304,depletion
PRIN.20180322.10,PRIN,2018-03-22,10,3,2018,2018_3,85,1,4.748708333333333,1.9554459038848864,fixed,19,15,8,NA,305,depletion
PRIN.20181113.07,PRIN,2018-11-13,07,11,2018,2018_11,78,1,4.748708333333333,1.9554459038848864,fixed,60,29,31,NA,306,depletion
PRIN.20181114.03,PRIN,2018-11-14,03,11,2018,2018_11,108,1,4.748708333333333,1.9554459038848864,fixed,30,34,14,NA,307,depletion
PRIN.20181115.10,PRIN,2018-11-15,10,11,2018,2018_11,89,1,4.748708333333333,1.9554459038848864,fixed,19,36,16,NA,308,depletion
PRIN.20190226.03,PRIN,2019-02-26,03,2,2019,2019_2,107,1,4.748708333333333,1.9554459038848864,fixed,37,41,27,NA,309,depletion
PRIN.20190227.10,PRIN,2019-02-27,10,2,2019,2019_2,85,1,4.748708333333333,1.9554459038848864,fixed,24,21,17,NA,310,depletion
PRIN.20190228.07,PRIN,2019-02-28,07,2,2019,2019_2,81,1,4.748708333333333,1.9554459038848864,fixed,63,35,36,NA,311,depletion
PRIN.20191118.03,PRIN,2019-11-18,03,11,2019,2019_11,111,1,4.748708333333333,1.9554459038848864,fixed,44,28,19,NA,312,depletion
PRIN.20191119.07,PRIN,2019-11-19,07,11,2019,2019_11,82,1,4.748708333333333,1.9554459038848864,fixed,218,190,37,NA,313,depletion
PRIN.20191120.10,PRIN,2019-11-20,10,11,2019,2019_11,86,1,4.748708333333333,1.9554459038848864,fixed,16,18,14,NA,314,depletion
PRIN.20200310.03,PRIN,2020-03-10,03,3,2020,2020_3,105,1,4.748708333333333,1.9554459038848864,fixed,38,101,39,NA,315,no depletion
PRIN.20200311.10,PRIN,2020-03-11,10,3,2020,2020_3,86,1,4.748708333333333,1.9554459038848864,fixed,41,38,18,NA,316,depletion
PRIN.20200312.07,PRIN,2020-03-12,07,3,2020,2020_3,79,1,4.748708333333333,1.9554459038848864,fixed,109,93,59,NA,317,depletion
PRIN.20211116.03,PRIN,2021-11-16,03,11,2021,2021_11,121,1,4.748708333333333,1.9554459038848864,fixed,261,215,177,NA,318,depletion
PRIN.20211117.07,PRIN,2021-11-17,07,11,2021,2021_11,82,1,4.748708333333333,1.9554459038848864,fixed,164,249,115,NA,319,depletion
PRIN.20211119.10,PRIN,2021-11-19,10,11,2021,2021_11,86,1,4.748708333333333,1.9554459038848864,fixed,335,173,108,NA,320,depletion
PRIN.20221128.03,PRIN,2022-11-28,03,11,2022,2022_11,101,1,4.748708333333333,1.9554459038848864,fixed,2,3,3,NA,321,no depletion
PRIN.20221129.07,PRIN,2022-11-29,07,11,2022,2022_11,81,1,4.748708333333333,1.9554459038848864,fixed,307,487,230,NA,322,depletion
PRIN.20221130.10,PRIN,2022-11-30,10,11,2022,2022_11,87,1,4.748708333333333,1.9554459038848864,fixed,18,19,11,NA,323,depletion
PRIN.20230404.03,PRIN,2023-04-04,03,4,2023,2023_4,110,1,4.748708333333333,1.9554459038848864,fixed,30,6,16,NA,324,depletion
PRIN.20230405.07,PRIN,2023-04-05,07,4,2023,2023_4,81,1,4.748708333333333,1.9554459038848864,fixed,81,81,37,NA,325,depletion
PRIN.20230406.10,PRIN,2023-04-06,10,4,2023,2023_4,87,1,4.748708333333333,1.9554459038848864,fixed,22,17,13,NA,326,depletion
PRIN.20231127.03,PRIN,2023-11-27,03,11,2023,2023_11,111,1,4.748708333333333,1.9554459038848864,fixed,2,1,1,NA,327,depletion
PRIN.20231128.07,PRIN,2023-11-28,07,11,2023,2023_11,82,1,4.748708333333333,1.9554459038848864,fixed,11,10,13,NA,328,no depletion
PRIN.20231129.10,PRIN,2023-11-29,10,11,2023,2023_11,86,1,4.748708333333333,1.9554459038848864,fixed,3,2,2,NA,329,depletion
REDB.20180423.02,REDB,2018-04-23,02,4,2018,2018_4,85,1,2.696647773279352,0.9650029693110138,fixed,0,1,1,N,330,no depletion
REDB.20180425.07,REDB,2018-04-25,07,4,2018,2018_4,93,1,2.696647773279352,0.9650029693110138,fixed,2,3,1,NA,331,depletion
REDB.20180427.05,REDB,2018-04-27,05,4,2018,2018_4,107,1,2.696647773279352,0.9650029693110138,fixed,2,1,1,NA,332,depletion
REDB.20181015.02,REDB,2018-10-15,02,10,2018,2018_10,85,1,2.696647773279352,0.9650029693110138,fixed,0,1,0,N,333,depletion
REDB.20181017.05,REDB,2018-10-17,05,10,2018,2018_10,107,1,2.696647773279352,0.9650029693110138,fixed,2,1,0,N,334,depletion
REDB.20181018.07,REDB,2018-10-18,07,10,2018,2018_10,93,1,2.696647773279352,0.9650029693110138,fixed,6,3,4,NA,335,depletion
REDB.20191014.02,REDB,2019-10-14,02,10,2019,2019_10,85,1,2.696647773279352,0.9650029693110138,fixed,14,3,3,NA,336,depletion
REDB.20191015.05,REDB,2019-10-15,05,10,2019,2019_10,107,1,2.696647773279352,0.9650029693110138,fixed,6,2,1,NA,337,depletion
REDB.20191016.07,REDB,2019-10-16,07,10,2019,2019_10,93,1,2.696647773279352,0.9650029693110138,fixed,4,5,2,NA,338,depletion
REDB.20231016.02,REDB,2023-10-16,02,10,2023,2023_10,93,1,2.696647773279352,0.9650029693110138,fixed,1,3,0,N,339,depletion
SYCA.20190220.04,SYCA,2019-02-20,04,2,2019,2019_2,113,1,4.362081712062257,2.268969707437968,fixed,2,2,2,NA,340,depletion
SYCA.20190625.04,SYCA,2019-06-25,04,6,2019,2019_6,106,1,4.362081712062257,2.268969707437968,fixed,158,95,69,NA,341,depletion
SYCA.20190626.06,SYCA,2019-06-26,06,6,2019,2019_6,100,1,4.362081712062257,2.268969707437968,fixed,135,99,56,NA,342,depletion
SYCA.20190627.10,SYCA,2019-06-27,10,6,2019,2019_6,106,1,4.362081712062257,2.268969707437968,fixed,296,121,95,NA,343,depletion
SYCA.20200204.04,SYCA,2020-02-04,04,2,2020,2020_2,98,1,4.362081712062257,2.268969707437968,fixed,33,46,41,NA,344,no depletion
SYCA.20200205.06,SYCA,2020-02-05,06,2,2020,2020_2,98,1,4.362081712062257,2.268969707437968,fixed,112,51,112,NA,345,depletion
SYCA.20200206.10,SYCA,2020-02-06,10,2,2020,2020_2,109,1,4.362081712062257,2.268969707437968,fixed,137,102,69,NA,346,depletion
SYCA.20201014.06,SYCA,2020-10-14,06,10,2020,2020_10,92,1,4.362081712062257,2.268969707437968,fixed,705,501,339,NA,347,depletion
SYCA.20220201.06,SYCA,2022-02-01,06,2,2022,2022_2,103,1,4.362081712062257,2.268969707437968,fixed,54,146,52,NA,348,depletion
SYCA.20220202.04,SYCA,2022-02-02,04,2,2022,2022_2,103,1,4.362081712062257,2.268969707437968,fixed,533,287,167,NA,349,depletion
SYCA.20220203.10,SYCA,2022-02-03,10,2,2022,2022_2,106,1,4.362081712062257,2.268969707437968,fixed,158,125,232,NA,350,no depletion
TECR.20191014.01,TECR,2019-10-14,01,10,2019,2019_10,94,1,2.0358030303030303,0.9388738891123579,fixed,27,24,13,NA,351,depletion
TECR.20191015.05,TECR,2019-10-15,05,10,2019,2019_10,95,1,2.0358030303030303,0.9388738891123579,fixed,53,26,26,NA,352,depletion
TECR.20191016.06,TECR,2019-10-16,06,10,2019,2019_10,100,1,2.0358030303030303,0.9388738891123579,fixed,53,38,20,NA,353,depletion
TECR.20210601.01,TECR,2021-06-01,01,6,2021,2021_6,97,1,2.0358030303030303,0.9388738891123579,fixed,55,20,20,NA,354,depletion
TECR.20210603.05,TECR,2021-06-03,05,6,2021,2021_6,90,1,2.0358030303030303,0.9388738891123579,fixed,73,24,19,NA,355,depletion
TECR.20210604.06,TECR,2021-06-04,06,6,2021,2021_6,98,1,2.0358030303030303,0.9388738891123579,fixed,68,27,14,NA,356,depletion
TECR.20220517.05,TECR,2022-05-17,05,5,2022,2022_5,100,1,2.0358030303030303,0.9388738891123579,fixed,51,20,17,NA,357,depletion
TECR.20220518.06,TECR,2022-05-18,06,5,2022,2022_5,90,1,2.0358030303030303,0.9388738891123579,fixed,65,26,13,NA,358,depletion
TECR.20221012.05,TECR,2022-10-12,05,10,2022,2022_10,100,1,2.0358030303030303,0.9388738891123579,fixed,44,22,22,NA,359,depletion
TECR.20231010.05,TECR,2023-10-10,05,10,2023,2023_10,91,1,2.0358030303030303,0.9388738891123579,fixed,43,21,10,NA,360,depletion
WALK.20180328.05,WALK,2018-03-28,05,3,2018,2018_3,110,1,3.419639455782313,0.8142354572174054,fixed,34,22,13,NA,361,depletion
WALK.20181106.01,WALK,2018-11-06,01,11,2018,2018_11,115,1,3.419639455782313,0.8142354572174054,fixed,101,27,9,NA,362,depletion
WALK.20181107.03,WALK,2018-11-07,03,11,2018,2018_11,100,1,3.419639455782313,0.8142354572174054,fixed,97,18,4,NA,363,depletion
WALK.20181107.05,WALK,2018-11-07,05,11,2018,2018_11,110,1,3.419639455782313,0.8142354572174054,fixed,93,24,4,NA,364,depletion
WALK.20190319.01,WALK,2019-03-19,01,3,2019,2019_3,114,1,3.419639455782313,0.8142354572174054,fixed,61,18,8,NA,365,depletion
WALK.20190320.03,WALK,2019-03-20,03,3,2019,2019_3,87,1,3.419639455782313,0.8142354572174054,fixed,44,14,3,NA,366,depletion
WALK.20190320.05,WALK,2019-03-20,05,3,2019,2019_3,111,1,3.419639455782313,0.8142354572174054,fixed,40,15,5,NA,367,depletion
WALK.20191105.01,WALK,2019-11-05,01,11,2019,2019_11,110,1,3.419639455782313,0.8142354572174054,fixed,136,37,9,NA,368,depletion
WALK.20191106.03,WALK,2019-11-06,03,11,2019,2019_11,88,1,3.419639455782313,0.8142354572174054,fixed,63,11,2,NA,369,depletion
WALK.20191106.05,WALK,2019-11-06,05,11,2019,2019_11,117,1,3.419639455782313,0.8142354572174054,fixed,88,25,12,NA,370,depletion
WALK.20200318.01,WALK,2020-03-18,01,3,2020,2020_3,117,1,3.419639455782313,0.8142354572174054,fixed,39,27,8,NA,371,depletion
WALK.20200319.03,WALK,2020-03-19,03,3,2020,2020_3,90,1,3.419639455782313,0.8142354572174054,fixed,44,13,7,NA,372,depletion
WALK.20201102.01,WALK,2020-11-02,01,11,2020,2020_11,117,1,3.419639455782313,0.8142354572174054,fixed,105,54,27,NA,373,depletion
WALK.20201103.03,WALK,2020-11-03,03,11,2020,2020_11,87,1,3.419639455782313,0.8142354572174054,fixed,67,28,13,NA,374,depletion
WALK.20201104.05,WALK,2020-11-04,05,11,2020,2020_11,116,1,3.419639455782313,0.8142354572174054,fixed,114,53,20,NA,375,depletion
WALK.20210324.05,WALK,2021-03-24,05,3,2021,2021_3,116,1,3.419639455782313,0.8142354572174054,fixed,70,26,14,NA,376,depletion
WALK.20211109.01,WALK,2021-11-09,01,11,2021,2021_11,113,1,3.419639455782313,0.8142354572174054,fixed,92,21,6,NA,377,depletion
WALK.20211109.03,WALK,2021-11-09,03,11,2021,2021_11,87,1,3.419639455782313,0.8142354572174054,fixed,34,20,3,NA,378,depletion
WALK.20211110.05,WALK,2021-11-10,05,11,2021,2021_11,117,1,3.419639455782313,0.8142354572174054,fixed,107,27,7,NA,379,depletion
WALK.20220322.01,WALK,2022-03-22,01,3,2022,2022_3,115,1,3.419639455782313,0.8142354572174054,fixed,40,19,2,NA,380,depletion
WALK.20220322.03,WALK,2022-03-22,03,3,2022,2022_3,87,1,3.419639455782313,0.8142354572174054,fixed,32,8,2,NA,381,depletion
WALK.20220324.05,WALK,2022-03-24,05,3,2022,2022_3,120,1,3.419639455782313,0.8142354572174054,fixed,59,23,11,NA,382,depletion
WALK.20221108.01,WALK,2022-11-08,01,11,2022,2022_11,115,1,3.419639455782313,0.8142354572174054,fixed,169,58,29,NA,383,depletion
WALK.20221108.03,WALK,2022-11-08,03,11,2022,2022_11,87,1,3.419639455782313,0.8142354572174054,fixed,58,28,9,NA,384,depletion
WALK.20221109.05,WALK,2022-11-09,05,11,2022,2022_11,120,1,3.419639455782313,0.8142354572174054,fixed,131,42,20,NA,385,depletion
WALK.20230321.01,WALK,2023-03-21,01,3,2023,2023_3,114,1,3.419639455782313,0.8142354572174054,fixed,26,14,4,NA,386,depletion
WALK.20230321.03,WALK,2023-03-21,03,3,2023,2023_3,85,1,3.419639455782313,0.8142354572174054,fixed,21,7,0,N,387,depletion
WALK.20230323.05,WALK,2023-03-23,05,3,2023,2023_3,125,1,3.419639455782313,0.8142354572174054,fixed,54,20,10,NA,388,depletion
WALK.20231107.01,WALK,2023-11-07,01,11,2023,2023_11,115,1,3.419639455782313,0.8142354572174054,fixed,121,43,11,NA,389,depletion
WALK.20231108.03,WALK,2023-11-08,03,11,2023,2023_11,90,1,3.419639455782313,0.8142354572174054,fixed,82,36,9,NA,390,depletion
WALK.20231108.05,WALK,2023-11-08,05,11,2023,2023_11,120,1,3.419639455782313,0.8142354572174054,fixed,115,47,19,NA,391,depletion
WLOU.20180529.01,WLOU,2018-05-29,01,5,2018,2018_5,84,1,2.2256356589147286,0.6946939141910156,fixed,7,3,0,N,392,depletion
WLOU.20180530.04,WLOU,2018-05-30,04,5,2018,2018_5,100,1,2.2256356589147286,0.6946939141910156,fixed,6,7,5,NA,393,depletion
WLOU.20180531.07,WLOU,2018-05-31,07,5,2018,2018_5,119,1,2.2256356589147286,0.6946939141910156,fixed,2,5,2,NA,394,depletion
WLOU.20180924.01,WLOU,2018-09-24,01,9,2018,2018_9,84,1,2.2256356589147286,0.6946939141910156,fixed,7,7,3,NA,395,depletion
WLOU.20180925.04,WLOU,2018-09-25,04,9,2018,2018_9,100,1,2.2256356589147286,0.6946939141910156,fixed,20,5,5,NA,396,depletion
WLOU.20190923.01,WLOU,2019-09-23,01,9,2019,2019_9,84,1,2.2256356589147286,0.6946939141910156,fixed,15,14,6,NA,397,depletion
WLOU.20190924.04,WLOU,2019-09-24,04,9,2019,2019_9,100,1,2.2256356589147286,0.6946939141910156,fixed,31,7,14,NA,398,depletion
WLOU.20190925.07,WLOU,2019-09-25,07,9,2019,2019_9,119,1,2.2256356589147286,0.6946939141910156,fixed,17,3,5,NA,399,depletion
WLOU.20210525.01,WLOU,2021-05-25,01,5,2021,2021_5,82,1,2.2256356589147286,0.6946939141910156,fixed,4,6,4,NA,400,depletion
WLOU.20210525.04,WLOU,2021-05-25,04,5,2021,2021_5,81,1,2.2256356589147286,0.6946939141910156,fixed,7,5,4,NA,401,depletion
WLOU.20210526.07,WLOU,2021-05-26,07,5,2021,2021_5,117,1,2.2256356589147286,0.6946939141910156,fixed,10,4,4,NA,402,depletion
WLOU.20210927.01,WLOU,2021-09-27,01,9,2021,2021_9,81,1,2.2256356589147286,0.6946939141910156,fixed,8,15,6,NA,403,depletion
WLOU.20210928.04,WLOU,2021-09-28,04,9,2021,2021_9,84,1,2.2256356589147286,0.6946939141910156,fixed,15,16,10,NA,404,depletion
WLOU.20210929.07,WLOU,2021-09-29,07,9,2021,2021_9,114,1,2.2256356589147286,0.6946939141910156,fixed,20,10,5,NA,405,depletion
WLOU.20220711.01,WLOU,2022-07-11,01,7,2022,2022_7,80,1,2.2256356589147286,0.6946939141910156,fixed,8,0,4,N,406,depletion
WLOU.20220712.04,WLOU,2022-07-12,04,7,2022,2022_7,80,1,2.2256356589147286,0.6946939141910156,fixed,10,7,8,NA,407,depletion
WLOU.20220713.07,WLOU,2022-07-13,07,7,2022,2022_7,113,1,2.2256356589147286,0.6946939141910156,fixed,3,5,4,NA,408,no depletion
WLOU.20220919.01,WLOU,2022-09-19,01,9,2022,2022_9,73,1,2.2256356589147286,0.6946939141910156,fixed,9,11,6,NA,409,depletion
WLOU.20220920.04,WLOU,2022-09-20,04,9,2022,2022_9,91,1,2.2256356589147286,0.6946939141910156,fixed,21,16,6,NA,410,depletion
WLOU.20220920.07,WLOU,2022-09-20,07,9,2022,2022_9,112,1,2.2256356589147286,0.6946939141910156,fixed,25,9,5,NA,411,depletion
WLOU.20230717.01,WLOU,2023-07-17,01,7,2023,2023_7,77,1,2.2256356589147286,0.6946939141910156,fixed,2,6,3,NA,412,no depletion
WLOU.20230718.04,WLOU,2023-07-18,04,7,2023,2023_7,96,1,2.2256356589147286,0.6946939141910156,fixed,4,6,2,NA,413,depletion
WLOU.20230719.07,WLOU,2023-07-19,07,7,2023,2023_7,120,1,2.2256356589147286,0.6946939141910156,fixed,16,3,2,NA,414,depletion
WLOU.20230918.01,WLOU,2023-09-18,01,9,2023,2023_9,80,1,2.2256356589147286,0.6946939141910156,fixed,9,11,4,NA,415,depletion
WLOU.20230919.04,WLOU,2023-09-19,04,9,2023,2023_9,91,1,2.2256356589147286,0.6946939141910156,fixed,16,12,5,NA,416,depletion
WLOU.20230920.07,WLOU,2023-09-20,07,9,2023,2023_9,120,1,2.2256356589147286,0.6946939141910156,fixed,18,8,5,NA,417,depletion
