estimate,estimate_low,estimate_high,reachID,method
141.05168691190133,68.59532588495195,213.50804793885072,ARIK.20160413.06,Type 2 Vmax
124.58,15,240.19999999999982,ARIK.20160413.06,Type 2 Posterior Prediction 3-Pass
5.084457613581485,1.2665154460141501,8.90239978114882,ARIK.20160413.06,Beta 3-Pass
193.63849214518132,191.80980553492526,195.46717875543737,ARIK.20160414.09,Type 2 Vmax
182.198,179,185,ARIK.20160414.09,Type 2 Posterior Prediction 3-Pass
3.108903085087091,3.0583671418062455,3.1594390283679363,ARIK.20160414.09,Beta 3-Pass
143.01767642585088,98.74568912123978,187.289663730462,ARIK.20161011.01,Type 2 Vmax
119.36,59,181,ARIK.20161011.01,Type 2 Posterior Prediction 3-Pass
9.038975949243667,5.486895282427634,12.591056616059701,ARIK.20161011.01,Beta 3-Pass
207.93565173433285,172.30360294662597,243.56770052203973,ARIK.20161011.06,Type 2 Vmax
195.986,143,250,ARIK.20161011.06,Type 2 Posterior Prediction 3-Pass
2.655612338560072,1.8231004529754467,3.4881242241446975,ARIK.20161011.06,Beta 3-Pass
50.02760080516143,45.73666220856213,54.318539401760724,ARIK.20170410.01,Type 2 Vmax
47.79,42,54,ARIK.20170410.01,Type 2 Posterior Prediction 3-Pass
2.4212722704065524,2.0267683000540138,2.815776240759091,ARIK.20170410.01,Beta 3-Pass
617.468822553615,572.4516688543042,662.4859762529259,ARIK.20170411.06,Type 2 Vmax
559.692,492,628.05,ARIK.20170411.06,Type 2 Posterior Prediction 3-Pass
5.342145549660504,4.780832345989929,5.903458753331079,ARIK.20170411.06,Beta 3-Pass
175.67146958145574,162.30274040875028,189.0401987541612,ARIK.20170412.09,Type 2 Vmax
170.792,152,190,ARIK.20170412.09,Type 2 Posterior Prediction 3-Pass
1.193173859727044,0.9520905077965733,1.4342572116575147,ARIK.20170412.09,Beta 3-Pass
613.6585337154627,468.11488685975064,759.2021805711747,ARIK.20171018.06,Type 2 Vmax
542.782,337.5,764.1499999999999,ARIK.20171018.06,Type 2 Posterior Prediction 3-Pass
6.843472253743311,4.651667892308783,9.035276615177839,ARIK.20171018.06,Beta 3-Pass
224.22726431273404,198.34027314947295,250.11425547599512,ARIK.20171019.09,Type 2 Vmax
216.616,174.90000000000003,257.04999999999995,ARIK.20171019.09,Type 2 Posterior Prediction 3-Pass
1.6681411887911077,1.2362033159854,2.1000790615968157,ARIK.20171019.09,Beta 3-Pass
335.51656621905033,333.42051092438976,337.6126215137109,ARIK.20180402.01,Type 2 Vmax
310.056,307,313,ARIK.20180402.01,Type 2 Posterior Prediction 3-Pass
4.091829486840933,4.051867655270616,4.131791318411249,ARIK.20180402.01,Beta 3-Pass
282.04954535537627,205.43539109490297,358.66369961584957,ARIK.20180403.06,Type 2 Vmax
259.888,146.90000000000003,372.04999999999995,ARIK.20180403.06,Type 2 Posterior Prediction 3-Pass
4.476380343148468,2.629332936376692,6.323427749920244,ARIK.20180403.06,Beta 3-Pass
238.51961360977478,221.36563622487668,255.67359099467288,ARIK.20180404.09,Type 2 Vmax
227.822,202,255,ARIK.20180404.09,Type 2 Posterior Prediction 3-Pass
2.2860152626186556,1.9660751583827158,2.6059553668545954,ARIK.20180404.09,Beta 3-Pass
1793.6444803080128,1650.1650103193979,1937.1239502966278,ARIK.20181015.01,Type 2 Vmax
1597.608,1393,1820,ARIK.20181015.01,Type 2 Posterior Prediction 3-Pass
6.0216687348832565,5.349780593950201,6.693556875816312,ARIK.20181015.01,Beta 3-Pass
2388.1380740062177,1963.8211382806692,2812.4550097317665,ARIK.20181018.09,Type 2 Vmax
2023.65,1440.75,2555.35,ARIK.20181018.09,Type 2 Posterior Prediction 3-Pass
10.79064765934256,8.437036011973055,13.144259306712067,ARIK.20181018.09,Beta 3-Pass
238.81080707204734,228.6571145782423,248.96449956585238,ARIK.20190409.01,Type 2 Vmax
220.362,206,235.04999999999995,ARIK.20190409.01,Type 2 Posterior Prediction 3-Pass
4.485251497124661,4.195746535075018,4.774756459174305,ARIK.20190409.01,Beta 3-Pass
405.44163274877525,355.41876176829487,455.4645037292556,ARIK.20190410.06,Type 2 Vmax
384.444,303.95,458,ARIK.20190410.06,Type 2 Posterior Prediction 3-Pass
2.9096546342416336,2.2760301923269597,3.5432790761563075,ARIK.20190410.06,Beta 3-Pass
6688.304037436074,-5906.713957178955,19283.322032051103,ARIK.20191014.01,Type 2 Vmax
19841.82,0,38229.04999999984,ARIK.20191014.01,Type 2 Posterior Prediction 3-Pass
34.37616701055112,-35.128983781596254,103.8813178026985,ARIK.20191014.01,Beta 3-Pass
1878.2988429248428,1627.8559627564182,2128.7417230932674,ARIK.20191015.06,Type 2 Vmax
1622.098,1271.95,1990.05,ARIK.20191015.06,Type 2 Posterior Prediction 3-Pass
7.677005679691828,6.331453665550984,9.022557693832672,ARIK.20191015.06,Beta 3-Pass
1874.984445121323,1596.0091099088427,2153.9597803338033,ARIK.20191016.09,Type 2 Vmax
1719.194,1301.95,2163.15,ARIK.20191016.09,Type 2 Posterior Prediction 3-Pass
4.680678993112223,3.637241855718205,5.724116130506241,ARIK.20191016.09,Beta 3-Pass
124.48115766208942,45.13215350941728,203.83016181476154,ARIK.20210408.09,Type 2 Vmax
96.886,1,204,ARIK.20210408.09,Type 2 Posterior Prediction 3-Pass
17.95153029049072,4.915194948964695,30.987865632016742,ARIK.20210408.09,Beta 3-Pass
214.90162761656896,200.7224191175357,229.0808361156022,BIGC.20180518.09,Type 2 Vmax
203.698,181,226,BIGC.20180518.09,Type 2 Posterior Prediction 3-Pass
2.763342186853211,2.4350109713512476,3.091673402355174,BIGC.20180518.09,Beta 3-Pass
155.33339550544127,154.0876870673882,156.57910394349435,BIGC.20181015.01,Type 2 Vmax
145.114,143,147,BIGC.20181015.01,Type 2 Posterior Prediction 3-Pass
3.5586290650860968,3.5118523580674,3.6054057721047936,BIGC.20181015.01,Beta 3-Pass
146.0589423546975,136.85470107293344,155.26318363646158,BIGC.20181017.04,Type 2 Vmax
143.038,129,158,BIGC.20181017.04,Type 2 Posterior Prediction 3-Pass
1.1059425744112468,0.9131964919384246,1.298688656884069,BIGC.20181017.04,Beta 3-Pass
103.3599470239588,100.75404527006782,105.96584877784977,BIGC.20181018.07,Type 2 Vmax
101.842,97,106,BIGC.20181018.07,Type 2 Posterior Prediction 3-Pass
0.6793613842250562,0.6163559962900848,0.7423667721600277,BIGC.20181018.07,Beta 3-Pass
63.39757059394117,53.165188492758624,73.6299526951237,BIGC.20190422.01,Type 2 Vmax
61.644,45,77,BIGC.20190422.01,Type 2 Posterior Prediction 3-Pass
1.4670330695163067,0.901718690139402,2.0323474488932116,BIGC.20190422.01,Beta 3-Pass
172.23120299823498,168.70802907217382,175.75437692429614,BIGC.20190423.04,Type 2 Vmax
159.998,154,165.04999999999995,BIGC.20190423.04,Type 2 Posterior Prediction 3-Pass
3.810290647957351,3.685512960566193,3.935068335348509,BIGC.20190423.04,Beta 3-Pass
87.27763414901737,76.00874317907642,98.54652511895833,BIGC.20190424.07,Type 2 Vmax
80.802,64,98,BIGC.20190424.07,Type 2 Posterior Prediction 3-Pass
4.633145107701537,3.7340658653994123,5.532224350003663,BIGC.20190424.07,Beta 3-Pass
91.26693231677302,86.2174423665136,96.31642226703245,BIGC.20191021.01,Type 2 Vmax
90.076,82.95,98,BIGC.20191021.01,Type 2 Posterior Prediction 3-Pass
0.7176509609754083,0.576499611786647,0.8588023101641695,BIGC.20191021.01,Beta 3-Pass
179.18555828339208,166.10167662431513,192.26943994246903,BIGC.20191022.04,Type 2 Vmax
173.224,152,193.04999999999995,BIGC.20191022.04,Type 2 Posterior Prediction 3-Pass
1.5815508528764874,1.3158238175962507,1.8472778881567242,BIGC.20191022.04,Beta 3-Pass
86.79704374115919,78.4398959912002,95.15419149111817,BIGC.20191023.07,Type 2 Vmax
85.44,71,98,BIGC.20191023.07,Type 2 Posterior Prediction 3-Pass
0.6837414462505215,0.44254796443028177,0.9249349280707612,BIGC.20191023.07,Beta 3-Pass
46.44127390424312,45.49590457332526,47.386643235160975,BIGC.20210420.04,Type 2 Vmax
45.708,44,47,BIGC.20210420.04,Type 2 Posterior Prediction 3-Pass
0.8462548468730842,0.7908149387308461,0.9016947550153223,BIGC.20210420.04,Beta 3-Pass
59.11596063212534,47.652778670266336,70.57914259398436,BLDE.20180918.02,Type 2 Vmax
55.34,38,74,BLDE.20180918.02,Type 2 Posterior Prediction 3-Pass
2.9872045930513536,1.9750498405435977,3.9993593455591094,BLDE.20180918.02,Beta 3-Pass
102.21623271384314,65.98655795710728,138.44590747057902,BLDE.20180918.03,Type 2 Vmax
94.304,36.95,151.14999999999986,BLDE.20180918.03,Type 2 Posterior Prediction 3-Pass
3.8620828848450293,1.6806586691277494,6.043507100562309,BLDE.20180918.03,Beta 3-Pass
90.91463191773593,88.23490485861224,93.59435897685962,BLDE.20180919.06,Type 2 Vmax
82.198,78,86,BLDE.20180919.06,Type 2 Posterior Prediction 3-Pass
5.5373628835159785,5.304487481357303,5.770238285674654,BLDE.20180919.06,Beta 3-Pass
107.74325863582072,104.76046459142529,110.72605268021616,BLDE.20190923.02,Type 2 Vmax
100.054,95,104,BLDE.20190923.02,Type 2 Posterior Prediction 3-Pass
3.861448863772014,3.691083441542494,4.031814286001534,BLDE.20190923.02,Beta 3-Pass
237.99016766576912,203.5115325510351,272.46880278050315,BLDE.20190925.06,Type 2 Vmax
205.024,155.95,251,BLDE.20190925.06,Type 2 Posterior Prediction 3-Pass
8.391238360358479,6.824037041508889,9.958439679208068,BLDE.20190925.06,Beta 3-Pass
119.90176272194273,117.03098754235594,122.77253790152952,BLDE.20201006.02,Type 2 Vmax
110.598,107,115,BLDE.20201006.02,Type 2 Posterior Prediction 3-Pass
4.18098641479288,4.0255885952546295,4.33638423433113,BLDE.20201006.02,Beta 3-Pass
198.75559291800644,182.1762675905436,215.33491824546928,BLDE.20210929.06,Type 2 Vmax
186.396,159,212.04999999999995,BLDE.20210929.06,Type 2 Posterior Prediction 3-Pass
3.327200733924364,2.861259009284855,3.7931424585638727,BLDE.20210929.06,Beta 3-Pass
565.5454682052087,560.4017172626924,570.6892191477251,BLUE.20171031.02,Type 2 Vmax
544.108,536,553,BLUE.20171031.02,Type 2 Posterior Prediction 3-Pass
1.968171577768234,1.9309808743808008,2.005362281155667,BLUE.20171031.02,Beta 3-Pass
679.3721144213666,671.8453215687565,686.8989072739768,BLUE.20171101.04,Type 2 Vmax
653.268,641,665,BLUE.20171101.04,Type 2 Posterior Prediction 3-Pass
2.0360965825644866,1.9899349692439656,2.0822581958850073,BLUE.20171101.04,Beta 3-Pass
4417.293129214493,3369.75746563713,5464.828792791856,BLUE.20171102.07,Type 2 Vmax
3166.508,1907.25,4462.999999999998,BLUE.20171102.07,Type 2 Posterior Prediction 3-Pass
21.28562788413716,15.642542337339659,26.92871343093466,BLUE.20171102.07,Beta 3-Pass
39.12108039976761,27.686127935327036,50.55603286420818,CARI.20160926.01,Type 2 Vmax
36.552,20,55,CARI.20160926.01,Type 2 Posterior Prediction 3-Pass
2.9813766371199937,1.457518641528498,4.505234632711489,CARI.20160926.01,Beta 3-Pass
11.182065583771138,8.870998198764337,13.493132968777939,CUPE.20171211.03,Type 2 Vmax
10.89,7,15,CUPE.20171211.03,Type 2 Posterior Prediction 3-Pass
1.3814178492122537,0.6788766647800492,2.0839590336444584,CUPE.20171211.03,Beta 3-Pass
18.896502594663566,18.508867499914786,19.284137689412347,CUPE.20171212.06,Type 2 Vmax
18.098,18,19,CUPE.20171212.06,Type 2 Posterior Prediction 3-Pass
2.1691984343487736,2.0806334078272686,2.2577634608702786,CUPE.20171212.06,Beta 3-Pass
25.76764216872099,21.642430310948804,29.892854026493175,CUPE.20171213.08,Type 2 Vmax
23.93,18,30,CUPE.20171213.08,Type 2 Posterior Prediction 3-Pass
3.936163500211444,2.9383457791148038,4.933981221308084,CUPE.20171213.08,Beta 3-Pass
24.715681853218307,6.609862978842109,42.821500727594504,CUPE.20180215.08,Type 2 Vmax
22.588,0,49,CUPE.20180215.08,Type 2 Posterior Prediction 3-Pass
5.913373193217413,-0.15811156478200772,11.984857951216833,CUPE.20180215.08,Beta 3-Pass
23.177688271872643,20.161104827563896,26.19427171618139,CUPE.20181127.03,Type 2 Vmax
22.186,18,27,CUPE.20181127.03,Type 2 Posterior Prediction 3-Pass
2.440617308390597,1.8391980025367474,3.042036614244447,CUPE.20181127.03,Beta 3-Pass
65.1257583654079,7.131628699142311,123.1198880316735,CUPE.20181128.06,Type 2 Vmax
59.036,0,145,CUPE.20181128.06,Type 2 Posterior Prediction 3-Pass
11.27466207162202,-0.956417711924658,23.505741855168697,CUPE.20181128.06,Beta 3-Pass
22.391847781513444,21.75095712596108,23.03273843706581,CUPE.20181129.08,Type 2 Vmax
21.622,21,23,CUPE.20181129.08,Type 2 Posterior Prediction 3-Pass
1.7739674078367433,1.6633435618352568,1.88459125383823,CUPE.20181129.08,Beta 3-Pass
45.24742978406312,41.99442912419821,48.50043044392803,CUPE.20190204.03,Type 2 Vmax
43.89,39,49,CUPE.20190204.03,Type 2 Posterior Prediction 3-Pass
1.4570119377696296,1.2060656446389553,1.7079582309003039,CUPE.20190204.03,Beta 3-Pass
94.52059571611782,74.1409211147894,114.90027031744624,CUPE.20190205.06,Type 2 Vmax
90.206,60,123,CUPE.20190205.06,Type 2 Posterior Prediction 3-Pass
2.3991109758136013,1.4127240693930272,3.3854978822341755,CUPE.20190205.06,Beta 3-Pass
45.2515575239934,43.03305164273991,47.47006340524688,CUPE.20191202.03,Type 2 Vmax
43.292,40,47,CUPE.20191202.03,Type 2 Posterior Prediction 3-Pass
2.1837788184314584,1.971308655443193,2.3962489814197236,CUPE.20191202.03,Beta 3-Pass
4699.0844726797495,-31413.710059552453,40811.879004911956,CUPE.20191203.06,Type 2 Vmax
1207.028,0,4232.399999999991,CUPE.20191203.06,Type 2 Posterior Prediction 3-Pass
215.26865704894144,-1458.7994923777665,1889.3368064756492,CUPE.20191203.06,Beta 3-Pass
45.77818379865166,36.0751747078331,55.48119288947022,CUPE.20191204.08,Type 2 Vmax
37.808,25,51,CUPE.20191204.08,Type 2 Posterior Prediction 3-Pass
10.811730933344988,7.99951166100685,13.623950205683126,CUPE.20191204.08,Beta 3-Pass
80.04921973262857,77.54456353371943,82.55387593153772,CUPE.20210222.03,Type 2 Vmax
78.576,75,82,CUPE.20210222.03,Type 2 Posterior Prediction 3-Pass
0.9711375276646046,0.880819030557425,1.0614560247717841,CUPE.20210222.03,Beta 3-Pass
235.75253230455672,231.54533904195867,239.95972556715478,CUPE.20211213.03,Type 2 Vmax
218.304,211,225,CUPE.20211213.03,Type 2 Posterior Prediction 3-Pass
3.99255293805109,3.8802635526139033,4.104842323488277,CUPE.20211213.03,Beta 3-Pass
25.000131449060206,21.26282333532787,28.73743956279254,GUIL.20180206.02,Type 2 Vmax
23.53,18,29,GUIL.20180206.02,Type 2 Posterior Prediction 3-Pass
3.34016272461098,2.5030606365186125,4.177264812703347,GUIL.20180206.02,Beta 3-Pass
113.53226078210422,107.4025752849445,119.66194627926393,GUIL.20180207.05,Type 2 Vmax
101.824,92.95,110.04999999999995,GUIL.20180207.05,Type 2 Posterior Prediction 3-Pass
5.758632271856005,5.31975445853671,6.1975100851753,GUIL.20180207.05,Beta 3-Pass
435.0004669793905,362.39024659308984,507.6106873656912,GUIL.20180208.09,Type 2 Vmax
403.174,289,512,GUIL.20180208.09,Type 2 Posterior Prediction 3-Pass
4.460345319823281,3.32812497629788,5.592565663348681,GUIL.20180208.09,Beta 3-Pass
213.4568780070323,212.40291595050368,214.5108400635609,HOPB.20161025.04,Type 2 Vmax
205.41,204,207,HOPB.20161025.04,Type 2 Posterior Prediction 3-Pass
1.9601439831037637,1.9399993300965084,1.980288636111019,HOPB.20161025.04,Beta 3-Pass
402.38079822303047,390.19253881460236,414.5690576314586,HOPB.20161026.06,Type 2 Vmax
376.188,357,395,HOPB.20161026.06,Type 2 Posterior Prediction 3-Pass
3.508035053242422,3.332988852295559,3.6830812541892852,HOPB.20161026.06,Beta 3-Pass
778.0305566496278,747.0803542788416,808.980759020414,HOPB.20161027.10,Type 2 Vmax
719.524,671.95,767,HOPB.20161027.10,Type 2 Posterior Prediction 3-Pass
3.9035120855777747,3.6569428306572527,4.150081340498296,HOPB.20161027.10,Beta 3-Pass
83.66369990921272,81.74461755234385,85.5827822660816,HOPB.20170503.06,Type 2 Vmax
79.962,77,83,HOPB.20170503.06,Type 2 Posterior Prediction 3-Pass
2.3232816143038297,2.2202823448798132,2.4262808837278462,HOPB.20170503.06,Beta 3-Pass
305.82040479162725,295.5522604930102,316.0885490902443,HOPB.20170503.10,Type 2 Vmax
290.428,275,306.04999999999995,HOPB.20170503.10,Type 2 Posterior Prediction 3-Pass
2.5503558481922854,2.39112666485055,2.709585031534021,HOPB.20170503.10,Beta 3-Pass
182.10560710487928,167.33980182508378,196.87141238467478,HOPB.20171024.04,Type 2 Vmax
172.04,148,196,HOPB.20171024.04,Type 2 Posterior Prediction 3-Pass
2.804430776750631,2.39730285630363,3.2115586971976318,HOPB.20171024.04,Beta 3-Pass
204.90198604677326,184.59867192190518,225.20530017164134,HOPB.20171103.06,Type 2 Vmax
177.684,150,208.04999999999995,HOPB.20171103.06,Type 2 Posterior Prediction 3-Pass
7.034014312470667,6.099021068791155,7.96900755615018,HOPB.20171103.06,Beta 3-Pass
313.9795145994003,303.09044865919907,324.86858053960157,HOPB.20171108.10,Type 2 Vmax
300.294,282,319,HOPB.20171108.10,Type 2 Posterior Prediction 3-Pass
2.2360377978194887,2.0836985898762483,2.388377005762729,HOPB.20171108.10,Beta 3-Pass
160.76769377516584,80.76885208086638,240.76653546946528,HOPB.20180430.04,Type 2 Vmax
141.25,29.900000000000006,258.2499999999998,HOPB.20180430.04,Type 2 Posterior Prediction 3-Pass
9.2491731753745,3.4332949378916284,15.065051412857372,HOPB.20180430.04,Beta 3-Pass
838.1692533553608,-20.181302901860477,1696.5198096125819,HOPB.20180501.06,Type 2 Vmax
689.31,0,2056.1499999999987,HOPB.20180501.06,Type 2 Posterior Prediction 3-Pass
43.27437692394695,-3.6438584089475725,90.19261225684147,HOPB.20180501.06,Beta 3-Pass
353.0273470059117,349.72349817237824,356.3311958394451,HOPB.20180503.10,Type 2 Vmax
333.734,328,339,HOPB.20180503.10,Type 2 Posterior Prediction 3-Pass
2.8899458539119705,2.842084083837173,2.937807623986768,HOPB.20180503.10,Beta 3-Pass
117.363306894107,98.17714339588267,136.54947039233133,HOPB.20181022.04,Type 2 Vmax
109.178,78,139.04999999999995,HOPB.20181022.04,Type 2 Posterior Prediction 3-Pass
3.674282866384732,2.7006643781403428,4.647901354629121,HOPB.20181022.04,Beta 3-Pass
119.29072830665723,113.9438484970294,124.63760811628505,HOPB.20181023.06,Type 2 Vmax
111.662,104,120,HOPB.20181023.06,Type 2 Posterior Prediction 3-Pass
3.3631386216688735,3.1110470776137795,3.6152301657239674,HOPB.20181023.06,Beta 3-Pass
370.45481810229217,352.3117304917174,388.5979057128669,HOPB.20181025.10,Type 2 Vmax
347.598,320.95,376.04999999999995,HOPB.20181025.10,Type 2 Posterior Prediction 3-Pass
3.248366422890204,2.978941253756476,3.517791592023932,HOPB.20181025.10,Beta 3-Pass
52.22828647835666,46.56922320613931,57.887349750574,HOPB.20190507.04,Type 2 Vmax
50.26,41,59.049999999999955,HOPB.20190507.04,Type 2 Posterior Prediction 3-Pass
1.6999632421952948,1.2905344052207606,2.109392079169829,HOPB.20190507.04,Beta 3-Pass
54.70432862467526,54.00554806943825,55.40310917991228,HOPB.20190508.06,Type 2 Vmax
50.178,49,51,HOPB.20190508.06,Type 2 Posterior Prediction 3-Pass
4.4528975213220745,4.366352244149484,4.539442798494665,HOPB.20190508.06,Beta 3-Pass
237.80206138899604,233.58335327857404,242.02076949941804,HOPB.20190509.10,Type 2 Vmax
228.02,222,234,HOPB.20190509.10,Type 2 Posterior Prediction 3-Pass
2.145994880242295,2.069867344631696,2.222122415852894,HOPB.20190509.10,Beta 3-Pass
300.2057833127091,298.81427677054137,301.59728985487686,HOPB.20191022.04,Type 2 Vmax
276.56,274,279,HOPB.20191022.04,Type 2 Posterior Prediction 3-Pass
4.2605301435482925,4.230059159322687,4.291001127773898,HOPB.20191022.04,Beta 3-Pass
132.75273980629981,132.41560755441768,133.08987205818195,HOPB.20191024.06,Type 2 Vmax
124.196,124,125,HOPB.20191024.06,Type 2 Posterior Prediction 3-Pass
3.4219850202578006,3.4075422211228035,3.4364278193927977,HOPB.20191024.06,Beta 3-Pass
851.4286374298889,845.7369282192457,857.1203466405321,HOPB.20191025.10,Type 2 Vmax
765.114,756,774.05,HOPB.20191025.10,Type 2 Posterior Prediction 3-Pass
5.66177051653947,5.608097547565718,5.715443485513221,HOPB.20191025.10,Beta 3-Pass
125.0705251688896,116.99431038041476,133.14673995736445,HOPB.20201026.04,Type 2 Vmax
121.828,109,136,HOPB.20201026.04,Type 2 Posterior Prediction 3-Pass
1.2785356960638026,1.0671504170800916,1.4899209750475135,HOPB.20201026.04,Beta 3-Pass
187.0479598135205,176.08237837227583,198.01354125476516,HOPB.20201027.06,Type 2 Vmax
181.934,166,198,HOPB.20201027.06,Type 2 Posterior Prediction 3-Pass
1.5064513506675916,1.2983473393529152,1.714555361982268,HOPB.20201027.06,Beta 3-Pass
617.7381281734163,534.2212681477382,701.2549881990943,HOPB.20201029.10,Type 2 Vmax
585.6,451.95,728,HOPB.20201029.10,Type 2 Posterior Prediction 3-Pass
2.660874152363383,2.003270227032167,3.318478077694599,HOPB.20201029.10,Beta 3-Pass
135.96148448968415,133.13168181006105,138.79128716930725,HOPB.20211029.04,Type 2 Vmax
127.314,123,131.04999999999995,HOPB.20211029.04,Type 2 Posterior Prediction 3-Pass
3.360478837747523,3.2434790626343033,3.4774786128607427,HOPB.20211029.04,Beta 3-Pass
2209.4209895315516,1766.9662626123081,2651.875716450795,KING.20171019.03,Type 2 Vmax
2042.106,1365.55,2654.899999999999,KING.20171019.03,Type 2 Posterior Prediction 3-Pass
4.129975669397192,2.8409509051089934,5.41900043368539,KING.20171019.03,Beta 3-Pass
7284.920270885044,1384.1697684276687,13185.67077334242,KING.20171020.04,Type 2 Vmax
5635.618,0,13805.349999999986,KING.20171020.04,Type 2 Posterior Prediction 3-Pass
23.73673764318655,2.4717935205335557,45.00168176583955,KING.20171020.04,Beta 3-Pass
1271.655801287886,1212.285119176879,1331.026483398893,KING.20180412.03,Type 2 Vmax
1142.512,1055,1227.1499999999999,KING.20180412.03,Type 2 Posterior Prediction 3-Pass
5.692448458340972,5.316117422927576,6.068779493754368,KING.20180412.03,Beta 3-Pass
1168.7469163323615,1076.8507818901053,1260.6430507746177,KING.20190409.03,Type 2 Vmax
672.404,581.9000000000001,761.05,KING.20190409.03,Type 2 Posterior Prediction 3-Pass
36.86621387538329,33.76813710808945,39.96429064267713,KING.20190409.03,Beta 3-Pass
2244.264010736048,1403.2013497732414,3085.3266716988546,KING.20191021.01,Type 2 Vmax
1870.78,741.9000000000001,3057.749999999999,KING.20191021.01,Type 2 Posterior Prediction 3-Pass
9.928687341780735,5.2908283801622,14.56654630339927,KING.20191021.01,Beta 3-Pass
102.59363050624131,93.60760923029761,111.57965178218501,KING.20191022.03,Type 2 Vmax
97.096,84.95,110.04999999999995,KING.20191022.03,Type 2 Posterior Prediction 3-Pass
2.758129906133548,2.3227688636115182,3.193490948655578,KING.20191022.03,Beta 3-Pass
86.05691540048144,77.91862342878285,94.19520737218004,KING.20191023.04,Type 2 Vmax
82.884,70,97,KING.20191023.04,Type 2 Posterior Prediction 3-Pass
1.8577383693251195,1.4830457971386486,2.2324309415115904,KING.20191023.04,Beta 3-Pass
896.1914875135611,848.3588183895463,944.024156637576,KING.20200618.01,Type 2 Vmax
832.588,759,907.05,KING.20200618.01,Type 2 Posterior Prediction 3-Pass
3.67341200558312,3.3555859967941988,3.9912380143720414,KING.20200618.01,Beta 3-Pass
4924.493303430483,2322.5977053124843,7526.388901548482,KING.20201020.03,Type 2 Vmax
4638.326,1022.9000000000001,8260,KING.20201020.03,Type 2 Posterior Prediction 3-Pass
7.352715579826538,2.1953351127368395,12.510096046916235,KING.20201020.03,Beta 3-Pass
4221.362135341483,3372.0125994096343,5070.711671273331,KING.20210429.01,Type 2 Vmax
3172.282,2170.9,4267.399999999999,KING.20210429.01,Type 2 Posterior Prediction 3-Pass
15.976473926095514,12.260718094220808,19.692229757970217,KING.20210429.01,Beta 3-Pass
4667.730790334842,4289.6777716857305,5045.783808983953,KING.20211020.03,Type 2 Vmax
3890.198,3375.9,4411.0999999999985,KING.20211020.03,Type 2 Posterior Prediction 3-Pass
10.130102919394337,9.111278610226593,11.148927228562082,KING.20211020.03,Beta 3-Pass
1960.702351356712,1928.36022887814,1993.0444738352837,KING.20211021.04,Type 2 Vmax
1801.818,1757,1847.05,KING.20211021.04,Type 2 Posterior Prediction 3-Pass
4.4087329610459784,4.297736024912281,4.519729897179676,KING.20211021.04,Beta 3-Pass
240.5129741615485,233.17466747067567,247.85128085242133,LECO.20161017.01,Type 2 Vmax
233.802,223,245,LECO.20161017.01,Type 2 Posterior Prediction 3-Pass
1.481345622188539,1.373954829740267,1.588736414636811,LECO.20161017.01,Beta 3-Pass
119.84308347653541,118.53587627913643,121.15029067393439,LECO.20161018.04,Type 2 Vmax
116.274,114,118,LECO.20161018.04,Type 2 Posterior Prediction 3-Pass
1.5411236527972663,1.501952704002182,1.5802946015923505,LECO.20161018.04,Beta 3-Pass
191.08694396566543,179.09747732707586,203.076410604255,LECO.20161019.10,Type 2 Vmax
184.79,165,207,LECO.20161019.10,Type 2 Posterior Prediction 3-Pass
1.5660955483775978,1.338911762254477,1.7932793345007185,LECO.20161019.10,Beta 3-Pass
147.595761667593,141.29846979199797,153.89305354318802,LECO.20180605.01,Type 2 Vmax
145.32,135,155,LECO.20180605.01,Type 2 Posterior Prediction 3-Pass
0.7989233117562203,0.6854055913084935,0.9124410322039471,LECO.20180605.01,Beta 3-Pass
182.98279549122537,177.65445902530664,188.3111319571441,LECO.20180606.04,Type 2 Vmax
176.934,168,186,LECO.20180606.04,Type 2 Posterior Prediction 3-Pass
1.6663808048037028,1.5574954806992793,1.7752661289081262,LECO.20180606.04,Beta 3-Pass
332.97770559635626,282.51209740890954,383.443313783803,LECO.20180607.10,Type 2 Vmax
300.65,231,381.04999999999995,LECO.20180607.10,Type 2 Posterior Prediction 3-Pass
5.847492566995281,4.60164709035601,7.093338043634552,LECO.20180607.10,Beta 3-Pass
225.2265345422416,221.60374904159906,228.84932004288416,LECO.20181023.01,Type 2 Vmax
220.52,214,226,LECO.20181023.01,Type 2 Posterior Prediction 3-Pass
1.0391364553719769,0.9913017043875704,1.0869712063563834,LECO.20181023.01,Beta 3-Pass
153.11713316733,142.15217804464157,164.08208829001842,LECO.20181024.04,Type 2 Vmax
149.622,131,167,LECO.20181024.04,Type 2 Posterior Prediction 3-Pass
1.138694399480007,0.9167098439307708,1.360678955029243,LECO.20181024.04,Beta 3-Pass
103.43458972243309,102.68073391811843,104.18844552674774,LECO.20181025.10,Type 2 Vmax
100.938,100,102,LECO.20181025.10,Type 2 Posterior Prediction 3-Pass
1.2434559120707407,1.2199125602996126,1.2669992638418688,LECO.20181025.10,Beta 3-Pass
79.12693359754321,74.23215896496662,84.02170823011981,LECO.20190410.01,Type 2 Vmax
78.248,70,86,LECO.20190410.01,Type 2 Posterior Prediction 3-Pass
0.6890293301768868,0.5336217211852367,0.844436939168537,LECO.20190410.01,Beta 3-Pass
123.11407724144284,107.9338473528602,138.2943071300255,LECO.20190411.04,Type 2 Vmax
114.49,92.95,139,LECO.20190411.04,Type 2 Posterior Prediction 3-Pass
3.40411536949295,2.705231522014489,4.102999216971411,LECO.20190411.04,Beta 3-Pass
72.57147427853316,68.79762787911234,76.34532067795398,LECO.20190417.10,Type 2 Vmax
70.604,65,77,LECO.20190417.10,Type 2 Posterior Prediction 3-Pass
1.3028884434017625,1.131101960416291,1.4746749263872339,LECO.20190417.10,Beta 3-Pass
313.5740410173515,302.7047193942765,324.44336264042647,LECO.20191021.01,Type 2 Vmax
302.748,283.95,319,LECO.20191021.01,Type 2 Posterior Prediction 3-Pass
1.6971501785378003,1.5662853004793402,1.8280150565962603,LECO.20191021.01,Beta 3-Pass
238.61109342208545,209.00729244900117,268.2148943951697,LECO.20191022.04,Type 2 Vmax
224.694,177,272,LECO.20191022.04,Type 2 Posterior Prediction 3-Pass
3.0375242883540126,2.383174759578298,3.691873817129727,LECO.20191022.04,Beta 3-Pass
244.41002696453612,230.88972225850296,257.9303316705693,LECO.20191023.10,Type 2 Vmax
238.996,219,260.04999999999995,LECO.20191023.10,Type 2 Posterior Prediction 3-Pass
0.8774717867374887,0.7245380861134244,1.030405487361553,LECO.20191023.10,Beta 3-Pass
134.97589561296098,134.60436892871238,135.3474222972096,LECO.20210524.01,Type 2 Vmax
131.052,130,132,LECO.20210524.01,Type 2 Posterior Prediction 3-Pass
1.501713489115264,1.491958158098313,1.5114688201322148,LECO.20210524.01,Beta 3-Pass
121.49193681144148,117.49080994056018,125.49306368232277,LECO.20210525.04,Type 2 Vmax
115.24,109,122,LECO.20210525.04,Type 2 Posterior Prediction 3-Pass
2.717234166310252,2.555011645663409,2.8794566869570954,LECO.20210525.04,Beta 3-Pass
151.54725467851915,151.26844482687068,151.82606453016763,LECO.20210526.10,Type 2 Vmax
148.888,148,149,LECO.20210526.10,Type 2 Posterior Prediction 3-Pass
0.9172452941010257,0.9120633006354509,0.9224272875666005,LECO.20210526.10,Beta 3-Pass
188.71417791702441,168.08318407104736,209.34517176300147,LECO.20211102.04,Type 2 Vmax
185.26,150,219,LECO.20211102.04,Type 2 Posterior Prediction 3-Pass
1.2782209780868725,0.9203832711521536,1.6360586850215915,LECO.20211102.04,Beta 3-Pass
194.51113607395953,192.83623566386314,196.18603648405593,LECO.20211103.10,Type 2 Vmax
189.672,187,192,LECO.20211103.10,Type 2 Posterior Prediction 3-Pass
1.2821988906763575,1.2539719697638203,1.3104258115888947,LECO.20211103.10,Beta 3-Pass
2422.0137958442488,2138.7609728321895,2705.266618856308,LEWI.20170410.01,Type 2 Vmax
2155.622,1731.85,2578,LEWI.20170410.01,Type 2 Posterior Prediction 3-Pass
6.358832456907814,5.336073808546351,7.381591105269278,LEWI.20170410.01,Beta 3-Pass
832.1634844228773,573.8806480382559,1090.4463208074988,LEWI.20170411.04,Type 2 Vmax
759.366,328.85,1153.1999999999998,LEWI.20170411.04,Type 2 Posterior Prediction 3-Pass
3.972254419711266,2.025951667691972,5.91855717173056,LEWI.20170411.04,Beta 3-Pass
434.030978457086,366.5574200777391,501.5045368364329,LEWI.20170413.09,Type 2 Vmax
411.222,298.95000000000005,514.05,LEWI.20170413.09,Type 2 Posterior Prediction 3-Pass
2.731618449236464,1.9634172380695953,3.499819660403333,LEWI.20170413.09,Beta 3-Pass
915.3722010083718,694.0743231941614,1136.6700788225824,LEWI.20171113.01,Type 2 Vmax
838.42,524.9,1162.4499999999996,LEWI.20171113.01,Type 2 Posterior Prediction 3-Pass
4.371324499560431,2.7539883669411913,5.98866063217967,LEWI.20171113.01,Beta 3-Pass
566.3842351111192,478.3122699381229,654.4562002841155,LEWI.20171114.04,Type 2 Vmax
529.292,385.95,669,LEWI.20171114.04,Type 2 Posterior Prediction 3-Pass
3.6776824140914823,2.7510179947367357,4.604346833446229,LEWI.20171114.04,Beta 3-Pass
338.3930936879844,332.61962605414806,344.1665613218207,LEWI.20171116.09,Type 2 Vmax
321.11,311,330,LEWI.20171116.09,Type 2 Posterior Prediction 3-Pass
2.6596418775548125,2.576677988229618,2.7426057668800072,LEWI.20171116.09,Beta 3-Pass
670.1630431273614,590.3471432986026,749.9789429561202,LEWI.20180409.01,Type 2 Vmax
618.532,498,739.05,LEWI.20180409.01,Type 2 Posterior Prediction 3-Pass
4.114051521182991,3.3494255373823796,4.878677504983602,LEWI.20180409.01,Beta 3-Pass
363.8943103528598,326.0856644570682,401.7029562486514,LEWI.20180410.04,Type 2 Vmax
340.732,280,401.04999999999995,LEWI.20180410.04,Type 2 Posterior Prediction 3-Pass
3.6762664835045515,3.0572498491461944,4.295283117862909,LEWI.20180410.04,Beta 3-Pass
239.8493971216204,209.75830380253396,269.94049044070687,LEWI.20180411.09,Type 2 Vmax
221.054,179,266,LEWI.20180411.09,Type 2 Posterior Prediction 3-Pass
4.054876174789536,3.2572334633252824,4.852518886253789,LEWI.20180411.09,Beta 3-Pass
444.7114010955976,404.8718609131497,484.55094127804546,LEWI.20181029.01,Type 2 Vmax
414.194,354,478.04999999999995,LEWI.20181029.01,Type 2 Posterior Prediction 3-Pass
3.467427631830436,2.9535985090348644,3.981256754626007,LEWI.20181029.01,Beta 3-Pass
499.1535567970088,488.73384714175006,509.5732664522675,LEWI.20181030.04,Type 2 Vmax
454.574,439,471,LEWI.20181030.04,Type 2 Posterior Prediction 3-Pass
4.912483676484547,4.76105792978864,5.063909423180455,LEWI.20181030.04,Beta 3-Pass
218.30750780762656,194.2267059073198,242.38830970793333,LEWI.20181031.09,Type 2 Vmax
209.504,174,247,LEWI.20181031.09,Type 2 Posterior Prediction 3-Pass
2.518538250163832,1.9992963354577646,3.0377801648698988,LEWI.20181031.09,Beta 3-Pass
718.3358598673645,717.0835942457943,719.5881254889348,LEWI.20190416.01,Type 2 Vmax
587.102,585,589,LEWI.20190416.01,Type 2 Posterior Prediction 3-Pass
11.178322160140661,11.154547321380864,11.202096998900458,LEWI.20190416.01,Beta 3-Pass
275.170769327754,267.0989812034804,283.2425574520276,LEWI.20190417.04,Type 2 Vmax
258.266,245,271,LEWI.20190417.04,Type 2 Posterior Prediction 3-Pass
3.3320809347081686,3.168075711735199,3.496086157681138,LEWI.20190417.04,Beta 3-Pass
351.26312863168187,293.9431257704621,408.58313149290166,LEWI.20190418.09,Type 2 Vmax
313.146,226.85000000000002,398.04999999999995,LEWI.20190418.09,Type 2 Posterior Prediction 3-Pass
6.565795638825565,5.104117371069044,8.027473906582086,LEWI.20190418.09,Beta 3-Pass
879.3935299417643,776.047780620175,982.7392792633536,LEWI.20191029.01,Type 2 Vmax
789.468,641.55,940.05,LEWI.20191029.01,Type 2 Posterior Prediction 3-Pass
5.7973610073692265,4.837388097638902,6.757333917099551,LEWI.20191029.01,Beta 3-Pass
461.46287524506363,460.81243925601245,462.1133112341148,LEWI.20191030.04,Type 2 Vmax
443.546,443,445,LEWI.20191030.04,Type 2 Posterior Prediction 3-Pass
2.0147839044487137,2.0089453124713677,2.0206224964260597,LEWI.20191030.04,Beta 3-Pass
310.04443928337395,300.98364246230165,319.10523610444625,LEWI.20191101.09,Type 2 Vmax
300.462,285.95000000000005,314.04999999999995,LEWI.20191101.09,Type 2 Posterior Prediction 3-Pass
1.6483218766847791,1.5396651687232215,1.7569785846463368,LEWI.20191101.09,Beta 3-Pass
783.5603993875419,579.5907067334113,987.5300920416726,LEWI.20201026.01,Type 2 Vmax
705.194,403.8,1002.1499999999999,LEWI.20201026.01,Type 2 Posterior Prediction 3-Pass
4.77884429980362,2.9267025085117035,6.630986091095536,LEWI.20201026.01,Beta 3-Pass
1018.7810229915439,935.989073610278,1101.5729723728098,LEWI.20201027.04,Type 2 Vmax
857.136,750.9499999999999,965.2499999999998,LEWI.20201027.04,Type 2 Posterior Prediction 3-Pass
9.810547813421772,8.81455467599571,10.806540950847834,LEWI.20201027.04,Beta 3-Pass
293.26546236277636,288.8685277682509,297.66239695730184,LEWI.20201028.09,Type 2 Vmax
273.328,266,280.04999999999995,LEWI.20201028.09,Type 2 Posterior Prediction 3-Pass
3.6738531572884225,3.5845660304070397,3.7631402841698054,LEWI.20201028.09,Beta 3-Pass
968.3634771360672,865.0784550209953,1071.6484992511391,LEWI.20210412.01,Type 2 Vmax
872.246,736.9000000000001,1014.4499999999996,LEWI.20210412.01,Type 2 Posterior Prediction 3-Pass
5.130044519587088,4.332267594051526,5.92782144512265,LEWI.20210412.01,Beta 3-Pass
1139.4842391882678,908.295151918905,1370.6733264576305,LEWI.20210413.04,Type 2 Vmax
970.472,621.9000000000001,1338.05,LEWI.20210413.04,Type 2 Posterior Prediction 3-Pass
8.998671734373849,6.678855159303499,11.318488309444199,LEWI.20210413.04,Beta 3-Pass
696.6693832282803,652.3016277170982,741.0371387394623,LEWI.20211108.01,Type 2 Vmax
650.15,583.95,722.05,LEWI.20211108.01,Type 2 Posterior Prediction 3-Pass
3.6929039692728796,3.3123538861014232,4.073454052444336,LEWI.20211108.01,Beta 3-Pass
533.753846371515,471.24802979201434,596.2596629510157,LEWI.20211109.04,Type 2 Vmax
501.412,401,596.05,LEWI.20211109.04,Type 2 Posterior Prediction 3-Pass
3.115809961945163,2.488277571141104,3.7433423527492224,LEWI.20211109.04,Beta 3-Pass
355.87664903883694,350.64037241842186,361.112925659252,LEWI.20211110.09,Type 2 Vmax
342.438,334,350,LEWI.20211110.09,Type 2 Posterior Prediction 3-Pass
1.9545393596332743,1.8946038417356592,2.014474877530889,LEWI.20211110.09,Beta 3-Pass
206.9043918296138,196.05352397407722,217.75525968515035,MART.20181015.01,Type 2 Vmax
197.768,181,213,MART.20181015.01,Type 2 Posterior Prediction 3-Pass
2.1319144885931953,1.9077023377157982,2.356126639470592,MART.20181015.01,Beta 3-Pass
194.2275824532387,177.0895236116667,211.36564129481073,MART.20181016.03,Type 2 Vmax
188.312,161.95,217,MART.20181016.03,Type 2 Posterior Prediction 3-Pass
1.5266710227142046,1.2113188925014435,1.8420231529269657,MART.20181016.03,Beta 3-Pass
119.9433055488488,104.7360857280433,135.1505253696543,MART.20181017.07,Type 2 Vmax
116.3,92,139,MART.20181017.07,Type 2 Posterior Prediction 3-Pass
1.2585780450152249,0.846648963683132,1.6705071263473177,MART.20181017.07,Beta 3-Pass
71.17475886621948,66.05840593267177,76.29111179976718,MART.20191014.01,Type 2 Vmax
69.056,61,77,MART.20191014.01,Type 2 Posterior Prediction 3-Pass
1.576651786945332,1.315470015392106,1.8378335584985581,MART.20191014.01,Beta 3-Pass
94.49259401998262,81.26947380736947,107.71571423259577,MART.20191016.03,Type 2 Vmax
89.762,69,110.04999999999995,MART.20191016.03,Type 2 Posterior Prediction 3-Pass
2.0800905635450073,1.4900308950576258,2.670150232032389,MART.20191016.03,Beta 3-Pass
101.65221952703622,94.95890008494455,108.3455389691279,MART.20191017.07,Type 2 Vmax
97.776,87,108.04999999999995,MART.20191017.07,Type 2 Posterior Prediction 3-Pass
2.050469814092338,1.7750439474550672,2.3258956807296087,MART.20191017.07,Beta 3-Pass
60.46748637283905,53.88317398758207,67.05179875809603,MART.20200927.01,Type 2 Vmax
56.858,47,67,MART.20200927.01,Type 2 Posterior Prediction 3-Pass
3.186282378258726,2.5945133698530665,3.7780513866643854,MART.20200927.01,Beta 3-Pass
478.2165034671548,-962.6509115375682,1919.0839184718777,MART.20200928.03,Type 2 Vmax
1866.836,0,4255.35,MART.20200928.03,Type 2 Posterior Prediction 3-Pass
31.08276696707975,-70.18969740187512,132.35523133603462,MART.20200928.03,Beta 3-Pass
44.07707857999807,40.77581978684315,47.378337373152995,MART.20201001.07,Type 2 Vmax
43.33,38,49,MART.20201001.07,Type 2 Posterior Prediction 3-Pass
1.0503644332077446,0.8265581827847166,1.2741706836307727,MART.20201001.07,Beta 3-Pass
69.35218025531923,64.4395543571993,74.26480615343915,MAYF.20160408.09,Type 2 Vmax
65.988,59,73,MAYF.20160408.09,Type 2 Posterior Prediction 3-Pass
2.5731843936947434,2.2354695536701246,2.910899233719362,MAYF.20160408.09,Beta 3-Pass
487.8110580742344,484.76204691508036,490.8600692333884,MAYF.20161031.02,Type 2 Vmax
468.888,464,474,MAYF.20161031.02,Type 2 Posterior Prediction 3-Pass
2.0240347677907886,1.998077927725965,2.049991607855612,MAYF.20161031.02,Beta 3-Pass
317.22094223820153,311.4340321540106,323.00785232239247,MAYF.20161102.07,Type 2 Vmax
306.41,297,316,MAYF.20161102.07,Type 2 Posterior Prediction 3-Pass
1.7267568747107171,1.657252566200243,1.7962611832211912,MAYF.20161102.07,Beta 3-Pass
231.26896176636654,218.39581688496222,244.14210664777087,MAYF.20161103.09,Type 2 Vmax
217.24,197,237,MAYF.20161103.09,Type 2 Posterior Prediction 3-Pass
3.2156099345708613,2.911351027407409,3.5198688417343136,MAYF.20161103.09,Beta 3-Pass
353.61751235534837,-2.0012826167483126,709.236307327445,MAYF.20170328.02,Type 2 Vmax
331.912,0,926.1999999999998,MAYF.20170328.02,Type 2 Posterior Prediction 3-Pass
12.2323258426061,-2.5517267675867625,27.01637845279896,MAYF.20170328.02,Beta 3-Pass
324.09955123671074,-31.160369378585358,679.3594718520069,MAYF.20170329.07,Type 2 Vmax
301.516,0,944.9499999999991,MAYF.20170329.07,Type 2 Posterior Prediction 3-Pass
18.952361972788335,-4.56605962813768,42.47078357371435,MAYF.20170329.07,Beta 3-Pass
63.893922833122964,63.78939696517814,63.99844870106779,MAYF.20170330.09,Type 2 Vmax
62,62,62,MAYF.20170330.09,Type 2 Posterior Prediction 3-Pass
1.456196497578182,1.4504878558219354,1.4619051393344287,MAYF.20170330.09,Beta 3-Pass
164.22548717470337,135.71461173518412,192.73636261422263,MAYF.20180402.02,Type 2 Vmax
160.038,115.95,205,MAYF.20180402.02,Type 2 Posterior Prediction 3-Pass
1.405176080064779,0.8100444910521967,2.0003076690773613,MAYF.20180402.02,Beta 3-Pass
132.1033092080812,114.46680628806826,149.73981212809417,MAYF.20180404.07,Type 2 Vmax
125.542,98,154.04999999999995,MAYF.20180404.07,Type 2 Posterior Prediction 3-Pass
2.0564306761623814,1.497082881434523,2.61577847089024,MAYF.20180404.07,Beta 3-Pass
125.15439063186548,122.53494970675398,127.77383155697699,MAYF.20180405.09,Type 2 Vmax
119.718,115.95,124,MAYF.20180405.09,Type 2 Posterior Prediction 3-Pass
2.272571135942713,2.1797775498186174,2.365364722066809,MAYF.20180405.09,Beta 3-Pass
311.4904693045477,304.8981089809824,318.08282962811296,MAYF.20181126.02,Type 2 Vmax
298.168,288,308.04999999999995,MAYF.20181126.02,Type 2 Posterior Prediction 3-Pass
2.2655878416530424,2.1719213405530584,2.3592543427530264,MAYF.20181126.02,Beta 3-Pass
180.45018774667312,167.8391177684096,193.06125772493664,MAYF.20181128.07,Type 2 Vmax
176.074,156,196.04999999999995,MAYF.20181128.07,Type 2 Posterior Prediction 3-Pass
1.0256682464807392,0.8190372283930792,1.232299264568399,MAYF.20181128.07,Beta 3-Pass
184.15669782575077,167.72033737663816,200.59305827486338,MAYF.20181129.09,Type 2 Vmax
178.76,152,205,MAYF.20181129.09,Type 2 Posterior Prediction 3-Pass
1.3663983298607898,1.0646376244360465,1.668159035285533,MAYF.20181129.09,Beta 3-Pass
264.96480122121255,-32.261933467938945,562.1915359103641,MAYF.20190327.02,Type 2 Vmax
257.234,0,696.1499999999999,MAYF.20190327.02,Type 2 Posterior Prediction 3-Pass
11.29714943083837,-4.135841472696612,26.730140334373353,MAYF.20190327.02,Beta 3-Pass
212.9259686030699,199.94225320412627,225.9096840020135,MAYF.20190328.07,Type 2 Vmax
197.43,178,217.04999999999995,MAYF.20190328.07,Type 2 Posterior Prediction 3-Pass
3.7601875117875445,3.391470519818899,4.12890450375619,MAYF.20190328.07,Beta 3-Pass
65.37258549792064,44.744708404038015,86.00046259180326,MAYF.20190329.09,Type 2 Vmax
58.25,26,87.04999999999995,MAYF.20190329.09,Type 2 Posterior Prediction 3-Pass
4.427784950506335,2.2981899523143112,6.557379948698358,MAYF.20190329.09,Beta 3-Pass
880.3966263316051,696.8485996030246,1063.9446530601858,MAYF.20191119.02,Type 2 Vmax
778.014,496.8,1065.1999999999998,MAYF.20191119.02,Type 2 Posterior Prediction 3-Pass
5.885195612236854,4.163329053228782,7.607062171244925,MAYF.20191119.02,Beta 3-Pass
289.36078342240654,244.93697686110156,333.7845899837115,MAYF.20191120.07,Type 2 Vmax
268.902,196.95,338,MAYF.20191120.07,Type 2 Posterior Prediction 3-Pass
3.5678107156731356,2.6708344898012593,4.464786941545012,MAYF.20191120.07,Beta 3-Pass
252.88334938321597,194.1226370180819,311.64406174835005,MAYF.20191121.09,Type 2 Vmax
227.01,144.95,309.2499999999998,MAYF.20191121.09,Type 2 Posterior Prediction 3-Pass
5.12914575218009,3.3913638191027333,6.866927685257447,MAYF.20191121.09,Beta 3-Pass
194.52959171837975,171.74253069349817,217.31665274326133,MAYF.20201203.02,Type 2 Vmax
179.708,145,217,MAYF.20201203.02,Type 2 Posterior Prediction 3-Pass
4.0122532183836705,3.272757970218029,4.751748466549312,MAYF.20201203.02,Beta 3-Pass
104.16821942854195,80.2806092687667,128.05582958831718,MAYF.20210421.07,Type 2 Vmax
96.74,57.95,133,MAYF.20210421.07,Type 2 Posterior Prediction 3-Pass
2.7366818091272003,1.6022297933785938,3.8711338248758067,MAYF.20210421.07,Beta 3-Pass
49.248174954934164,36.240975119867414,62.255374790000914,MAYF.20210423.09,Type 2 Vmax
46.726,27,68,MAYF.20210423.09,Type 2 Posterior Prediction 3-Pass
3.073752334452959,1.6704299915422964,4.477074677363621,MAYF.20210423.09,Beta 3-Pass
171.86709894398268,145.49237927917957,198.2418186087858,MAYF.20211026.07,Type 2 Vmax
164.222,122,205.04999999999995,MAYF.20211026.07,Type 2 Posterior Prediction 3-Pass
2.031974169320166,1.3932926922960727,2.670655646344259,MAYF.20211026.07,Beta 3-Pass
204.90198604677326,184.59867192190518,225.20530017164134,MAYF.20211027.09,Type 2 Vmax
179.9,151,210.04999999999995,MAYF.20211027.09,Type 2 Posterior Prediction 3-Pass
7.034014312470667,6.099021068791155,7.96900755615018,MAYF.20211027.09,Beta 3-Pass
227.6776119524495,225.38537785589406,229.96984604900493,MCDI.20170419.02,Type 2 Vmax
220.052,217,224,MCDI.20170419.02,Type 2 Posterior Prediction 3-Pass
1.6870023917312378,1.6491120065940652,1.7248927768684104,MCDI.20170419.02,Beta 3-Pass
134.26856793292572,128.69439948344626,139.84273638240518,MCDI.20170420.04,Type 2 Vmax
132.394,124,141,MCDI.20170420.04,Type 2 Posterior Prediction 3-Pass
0.6175017562682932,0.5172955457574074,0.7177079667791789,MCDI.20170420.04,Beta 3-Pass
3732.9930771176796,1585.3044577634082,5880.681696471951,MCDI.20171024.02,Type 2 Vmax
2724.726,592.9000000000001,5606.25,MCDI.20171024.02,Type 2 Posterior Prediction 3-Pass
23.58815719033382,8.569693473732954,38.60662090693469,MCDI.20171024.02,Beta 3-Pass
2048.614405295261,1726.6052412752933,2370.6235693152285,MCDI.20171026.04,Type 2 Vmax
1779.31,1330.6999999999998,2216,MCDI.20171026.04,Type 2 Posterior Prediction 3-Pass
7.71666860384888,6.12409822503717,9.30923898266059,MCDI.20171026.04,Beta 3-Pass
2645.952515742138,1961.1962314905604,3330.7087999937157,MCDI.20180418.02,Type 2 Vmax
1704.116,960.1000000000001,2577.1499999999996,MCDI.20180418.02,Type 2 Posterior Prediction 3-Pass
27.21941074098669,19.522197078054557,34.91662440391882,MCDI.20180418.02,Beta 3-Pass
1131.3241369739114,268.9637774888332,1993.6844964589895,MCDI.20180419.04,Type 2 Vmax
1004.19,0,2374.3999999999996,MCDI.20180419.04,Type 2 Posterior Prediction 3-Pass
10.693236738964961,0.6709144532172182,20.715559024712704,MCDI.20180419.04,Beta 3-Pass
849.3429450716625,432.769646120507,1265.9162440228179,MCDI.20181024.02,Type 2 Vmax
738.982,139.60000000000002,1287.1499999999999,MCDI.20181024.02,Type 2 Posterior Prediction 3-Pass
8.518786927474757,3.14958405487618,13.887989800073335,MCDI.20181024.02,Beta 3-Pass
2710.7747847216233,1800.0662969762775,3621.483272466969,MCDI.20181026.04,Type 2 Vmax
1920.832,996.35,3065.749999999998,MCDI.20181026.04,Type 2 Posterior Prediction 3-Pass
21.164933587378748,13.211118225012058,29.118748949745438,MCDI.20181026.04,Beta 3-Pass
14003.402882633098,5.016612726556559,28001.78915253964,MCDI.20190417.02,Type 2 Vmax
6195.32,0,19679.8,MCDI.20190417.02,Type 2 Posterior Prediction 3-Pass
180.99588866248757,-2.4982105896311566,364.48998791460633,MCDI.20190417.02,Beta 3-Pass
365.8157668927878,326.50719221204645,405.12434157352914,MCDI.20190418.04,Type 2 Vmax
345.588,284,405,MCDI.20190418.04,Type 2 Posterior Prediction 3-Pass
2.5615283614002937,2.0506126711696444,3.072444051630943,MCDI.20190418.04,Beta 3-Pass
315.4632643581664,314.00495349346943,316.92157522286334,MCDI.20191031.02,Type 2 Vmax
303.016,301,305,MCDI.20191031.02,Type 2 Posterior Prediction 3-Pass
2.0376271528329584,2.018358044866447,2.0568962607994696,MCDI.20191031.02,Beta 3-Pass
365.31563025612485,346.65751510532004,383.97374540692965,MCDI.20200616.02,Type 2 Vmax
348.264,320,375.04999999999995,MCDI.20200616.02,Type 2 Posterior Prediction 3-Pass
2.526904506083525,2.286014348796111,2.767794663370939,MCDI.20200616.02,Beta 3-Pass
891.2078392989088,888.8840709373509,893.5316076604666,MCDI.20210428.02,Type 2 Vmax
866.24,863,870,MCDI.20210428.02,Type 2 Posterior Prediction 3-Pass
1.443663849108869,1.4346044001369327,1.4527232980808051,MCDI.20210428.02,Beta 3-Pass
424.50341866440334,-284.3617941950624,1133.368631523869,MCRA.20171002.06,Type 2 Vmax
1287.02,0,2632.149999999992,MCRA.20171002.06,Type 2 Posterior Prediction 3-Pass
20.042205772943394,-17.611623183011044,57.69603472889783,MCRA.20171002.06,Beta 3-Pass
160.11962114592208,139.5979645422634,180.64127774958075,MCRA.20171003.04,Type 2 Vmax
148.274,115,179,MCRA.20171003.04,Type 2 Posterior Prediction 3-Pass
3.991652457974943,3.18533701794189,4.797967898007997,MCRA.20171003.04,Beta 3-Pass
78.47818000782901,74.44991091447913,82.50644910117889,MCRA.20171004.08,Type 2 Vmax
77.696,72,83,MCRA.20171004.08,Type 2 Posterior Prediction 3-Pass
0.6108926131885246,0.4874678003215474,0.7343174260555019,MCRA.20171004.08,Beta 3-Pass
116.77680188633889,107.53186131752693,126.02174245515084,MCRA.20181001.04,Type 2 Vmax
114.298,99.95,129,MCRA.20181001.04,Type 2 Posterior Prediction 3-Pass
1.1902760084981792,0.9397626547963387,1.4407893622000196,MCRA.20181001.04,Beta 3-Pass
73.22271335946947,60.989160475987404,85.45626624295153,MCRA.20181002.06,Type 2 Vmax
69.952,51,90.04999999999995,MCRA.20181002.06,Type 2 Posterior Prediction 3-Pass
2.6636261275808137,1.8504754194506603,3.476776835710967,MCRA.20181002.06,Beta 3-Pass
101.90511215463515,80.94454031986777,122.86568398940253,MCRA.20181003.08,Type 2 Vmax
99.452,65,134,MCRA.20181003.08,Type 2 Posterior Prediction 3-Pass
2.0106057537210806,1.1595703463937137,2.8616411610484476,MCRA.20181003.08,Beta 3-Pass
97.26337482905979,93.37554449281579,101.15120516530378,MCRA.20191008.04,Type 2 Vmax
94.04,87,101,MCRA.20191008.04,Type 2 Posterior Prediction 3-Pass
1.5957830786201757,1.4496437084585325,1.7419224487818188,MCRA.20191008.04,Beta 3-Pass
110.77607351404838,44.53836941253904,177.01377761555773,MCRA.20211102.04,Type 2 Vmax
93.222,2,186.04999999999995,MCRA.20211102.04,Type 2 Posterior Prediction 3-Pass
11.064082665220996,2.978325193958403,19.14984013648359,MCRA.20211102.04,Beta 3-Pass
30.544134827633652,30.166933581041405,30.9213360742259,MCRA.20211103.08,Type 2 Vmax
29.122,29,30,MCRA.20211103.08,Type 2 Posterior Prediction 3-Pass
2.3811415351331746,2.3248919478380596,2.4373911224282896,MCRA.20211103.08,Beta 3-Pass
522.5343974999341,463.9752491809616,581.0935458189066,POSE.20161116.02,Type 2 Vmax
496.55,404.85,588,POSE.20161116.02,Type 2 Posterior Prediction 3-Pass
2.376355997485161,1.8665023430426426,2.886209651927679,POSE.20161116.02,Beta 3-Pass
670.7561883440927,662.9719122665094,678.540464421676,POSE.20161117.07,Type 2 Vmax
634.452,621.95,646,POSE.20161117.07,Type 2 Posterior Prediction 3-Pass
2.8418989022790946,2.7831542386139807,2.9006435659442085,POSE.20161117.07,Beta 3-Pass
608.94342140515,602.5734220926945,615.3134207176056,POSE.20161118.09,Type 2 Vmax
592.874,582,602.05,POSE.20161118.09,Type 2 Posterior Prediction 3-Pass
1.3708802284960466,1.335455539441047,1.4063049175510463,POSE.20161118.09,Beta 3-Pass
184.9900058212992,182.5150694241096,187.4649422184888,POSE.20170403.02,Type 2 Vmax
177.488,174,182,POSE.20170403.02,Type 2 Posterior Prediction 3-Pass
2.176423425623067,2.1185532060333006,2.234293645212833,POSE.20170403.02,Beta 3-Pass
226.16924684816468,218.3801100765025,233.95838361982686,POSE.20170404.07,Type 2 Vmax
220.286,208,232,POSE.20170404.07,Type 2 Posterior Prediction 3-Pass
1.2599313029446857,1.1479804401107025,1.3718821657786688,POSE.20170404.07,Beta 3-Pass
364.7412102693064,257.5078374930221,471.9745830455907,POSE.20170405.09,Type 2 Vmax
332.434,170,493.04999999999995,POSE.20170405.09,Type 2 Posterior Prediction 3-Pass
5.188462514481076,2.9716641966652713,7.4052608322968805,POSE.20170405.09,Beta 3-Pass
266.8382164836913,257.5254749068523,276.15095806053034,POSE.20171030.02,Type 2 Vmax
250.208,236,266,POSE.20171030.02,Type 2 Posterior Prediction 3-Pass
3.3318463538535332,3.136727050524439,3.5269656571826276,POSE.20171030.02,Beta 3-Pass
342.2535820939428,339.0926400844292,345.41452410345636,POSE.20171031.07,Type 2 Vmax
314.276,309,319,POSE.20171031.07,Type 2 Posterior Prediction 3-Pass
4.445196341694123,4.382696850600084,4.507695832788162,POSE.20171031.07,Beta 3-Pass
199.0021880658858,191.46187639487206,206.54249973689954,POSE.20171101.09,Type 2 Vmax
191.548,180,204,POSE.20171101.09,Type 2 Posterior Prediction 3-Pass
2.0049672556618447,1.8484377484037746,2.161496762919915,POSE.20171101.09,Beta 3-Pass
235.88206868052782,205.47029429850357,266.29384306255207,POSE.20180402.02,Type 2 Vmax
221.534,169.95,269,POSE.20180402.02,Type 2 Posterior Prediction 3-Pass
2.884162429084148,2.2256112490946993,3.542713609073597,POSE.20180402.02,Beta 3-Pass
204.63051564853822,190.7596640371131,218.50136725996333,POSE.20180403.07,Type 2 Vmax
191.884,170,213,POSE.20180403.07,Type 2 Posterior Prediction 3-Pass
3.4353179103909386,3.0488502887455327,3.8217855320363445,POSE.20180403.07,Beta 3-Pass
148.60161789065862,148.45536473802554,148.7478710432917,POSE.20180404.09,Type 2 Vmax
141,141,141,POSE.20180404.09,Type 2 Posterior Prediction 3-Pass
2.716115928353429,2.7112691849328194,2.7209626717740387,POSE.20180404.09,Beta 3-Pass
354.05081454366115,337.99207482301335,370.10955426430894,POSE.20181112.02,Type 2 Vmax
330.698,304,356,POSE.20181112.02,Type 2 Posterior Prediction 3-Pass
3.4257798943579534,3.167643171363166,3.683916617352741,POSE.20181112.02,Beta 3-Pass
340.02720367376105,291.3213723185027,388.7330350290194,POSE.20181113.07,Type 2 Vmax
314.896,237,389.04999999999995,POSE.20181113.07,Type 2 Posterior Prediction 3-Pass
3.8094324127552897,2.935822954403607,4.683041871106973,POSE.20181113.07,Beta 3-Pass
231.38514237431423,226.19012277769625,236.5801619709322,POSE.20181114.09,Type 2 Vmax
223.926,216,232,POSE.20181114.09,Type 2 Posterior Prediction 3-Pass
1.7352504245079954,1.6494859066200684,1.8210149423959223,POSE.20181114.09,Beta 3-Pass
246.26423269590833,236.6613959572683,255.86706943454837,POSE.20190408.02,Type 2 Vmax
233.776,218,249,POSE.20190408.02,Type 2 Posterior Prediction 3-Pass
2.7453295677718055,2.5520542578624417,2.9386048776811693,POSE.20190408.02,Beta 3-Pass
480.93923492333084,468.52221068375997,493.3562591629017,POSE.20190410.07,Type 2 Vmax
453.806,434.95000000000005,472,POSE.20190410.07,Type 2 Posterior Prediction 3-Pass
3.0456626487175646,2.9092659078975336,3.1820593895375957,POSE.20190410.07,Beta 3-Pass
227.76457393032916,224.29830499498533,231.230842865673,POSE.20190411.09,Type 2 Vmax
220.396,215,226,POSE.20190411.09,Type 2 Posterior Prediction 3-Pass
1.6668106679360628,1.6098961977622286,1.723725138109897,POSE.20190411.09,Beta 3-Pass
410.56069801272815,365.50292102889534,455.61847499656096,POSE.20191111.02,Type 2 Vmax
385.298,314.95000000000005,451.04999999999995,POSE.20191111.02,Type 2 Posterior Prediction 3-Pass
3.5470120055225487,2.908235509300925,4.185788501744172,POSE.20191111.02,Beta 3-Pass
224.52792417489925,214.2630655939779,234.7927827558206,POSE.20191112.07,Type 2 Vmax
218.872,203,235.04999999999995,POSE.20191112.07,Type 2 Posterior Prediction 3-Pass
1.2548280388024577,1.1065036963584751,1.4031523812464404,POSE.20191112.07,Beta 3-Pass
293.34050150385724,291.68042555395607,295.0005774537584,POSE.20191114.09,Type 2 Vmax
281.55,279,284,POSE.20191114.09,Type 2 Posterior Prediction 3-Pass
2.0824165145276723,2.058539092335917,2.1062939367194278,POSE.20191114.09,Beta 3-Pass
352.06592568075786,333.222377568612,370.9094737929037,POSE.20201109.02,Type 2 Vmax
335.776,306,368,POSE.20201109.02,Type 2 Posterior Prediction 3-Pass
2.2672900666384748,2.03030880246972,2.5042713308072297,POSE.20201109.02,Beta 3-Pass
379.0079243853425,313.8821863556983,444.1336624149867,POSE.20201110.07,Type 2 Vmax
350.846,248.89999999999998,457.2499999999998,POSE.20201110.07,Type 2 Posterior Prediction 3-Pass
4.100186610445912,2.9995163042345725,5.200856916657252,POSE.20201110.07,Beta 3-Pass
216.2080873522673,165.98350703881704,266.4326676657176,POSE.20201111.09,Type 2 Vmax
206.856,128.8,291.14999999999986,POSE.20201111.09,Type 2 Posterior Prediction 3-Pass
2.041128386241094,1.0719144133153935,3.010342359166794,POSE.20201111.09,Beta 3-Pass
183.87200641761342,167.61607705415372,200.12793578107312,POSE.20210405.02,Type 2 Vmax
177.628,150.95000000000002,203.04999999999995,POSE.20210405.02,Type 2 Posterior Prediction 3-Pass
1.9517203076011875,1.5918774462818635,2.311563168920512,POSE.20210405.02,Beta 3-Pass
198.10503160356245,187.06237229839883,209.14769090872608,POSE.20210406.07,Type 2 Vmax
190.876,172.95,209,POSE.20210406.07,Type 2 Posterior Prediction 3-Pass
1.8386571116571078,1.6190318894386888,2.0582823338755265,POSE.20210406.07,Beta 3-Pass
214.4022636610315,201.5008252149203,227.3037021071427,POSE.20210407.09,Type 2 Vmax
206.858,186,228,POSE.20210407.09,Type 2 Posterior Prediction 3-Pass
2.0331104809750458,1.782595919612677,2.2836250423374147,POSE.20210407.09,Beta 3-Pass
199.28113932663868,198.68242400929154,199.87985464398582,POSE.20211025.02,Type 2 Vmax
190.02,189,191,POSE.20211025.02,Type 2 Posterior Prediction 3-Pass
2.432777411105694,2.418920459792856,2.446634362418532,POSE.20211025.02,Beta 3-Pass
198.2280058951384,197.99490117109798,198.46111061917884,POSE.20211026.07,Type 2 Vmax
192.06,192,193,POSE.20211026.07,Type 2 Posterior Prediction 3-Pass
1.5734398767148092,1.5691717353147463,1.5777080181148722,POSE.20211026.07,Beta 3-Pass
377.0042709733523,366.7181829595704,387.29035898713414,POSE.20211027.09,Type 2 Vmax
346.082,330,362,POSE.20211027.09,Type 2 Posterior Prediction 3-Pass
4.426327639896461,4.242231765985098,4.610423513807824,POSE.20211027.09,Beta 3-Pass
2282.029366738505,893.6708580435011,3670.3878754335087,PRIN.20170301.07,Type 2 Vmax
1479.212,15.65000000000002,3302.2499999999986,PRIN.20170301.07,Type 2 Posterior Prediction 3-Pass
33.78593474752399,11.690342966915662,55.88152652813231,PRIN.20170301.07,Beta 3-Pass
375.1289922403591,339.23495868878985,411.0230257919283,PRIN.20170302.10,Type 2 Vmax
347.466,291,400,PRIN.20170302.10,Type 2 Posterior Prediction 3-Pass
3.63680554772013,3.070743724016461,4.2028673714238,PRIN.20170302.10,Beta 3-Pass
1109.4587739034696,981.3396041133927,1237.5779436935463,PRIN.20171114.03,Type 2 Vmax
1013.718,827.9000000000001,1208,PRIN.20171114.03,Type 2 Posterior Prediction 3-Pass
4.734817556031321,3.9184637672262794,5.551171344836362,PRIN.20171114.03,Beta 3-Pass
2441.005483861898,1321.7542234573596,3560.2567442664367,PRIN.20171115.07,Type 2 Vmax
1955.72,450.75,3411.6499999999996,PRIN.20171115.07,Type 2 Posterior Prediction 3-Pass
11.595571302048503,5.149279727384254,18.041862876712752,PRIN.20171115.07,Beta 3-Pass
630.2442051428659,580.8018694894282,679.6865407963036,PRIN.20171116.10,Type 2 Vmax
562.338,486.95000000000005,631,PRIN.20171116.10,Type 2 Posterior Prediction 3-Pass
5.881751650734438,5.23411420671358,6.529389094755296,PRIN.20171116.10,Beta 3-Pass
344.28471937898723,308.5934545383323,379.97598421964216,PRIN.20180320.03,Type 2 Vmax
301.98,251,356,PRIN.20180320.03,Type 2 Posterior Prediction 3-Pass
7.170415670595538,6.177773126962915,8.163058214228162,PRIN.20180320.03,Beta 3-Pass
235.7830212197781,197.7645030965347,273.80153934302155,PRIN.20180321.07,Type 2 Vmax
223.642,167,289,PRIN.20180321.07,Type 2 Posterior Prediction 3-Pass
3.2492955325018555,2.3620912817671567,4.136499783236554,PRIN.20180321.07,Beta 3-Pass
100.30185378628151,86.14374269617076,114.45996487639226,PRIN.20180322.10,Type 2 Vmax
92.614,71,115,PRIN.20180322.10,Type 2 Posterior Prediction 3-Pass
4.085468900461207,3.183485509833188,4.987452291089225,PRIN.20180322.10,Beta 3-Pass
252.08762085413755,207.33689657613112,296.83834513214396,PRIN.20181113.07,Type 2 Vmax
233.268,165.95,301.0999999999999,PRIN.20181113.07,Type 2 Posterior Prediction 3-Pass
3.4078919315217537,2.4009788589008156,4.414805004142692,PRIN.20181113.07,Beta 3-Pass
257.32700199106887,123.85358079072913,390.80042319140864,PRIN.20181114.03,Type 2 Vmax
219.546,16.80000000000001,403.14999999999986,PRIN.20181114.03,Type 2 Posterior Prediction 3-Pass
6.661743356845423,1.964721536445504,11.358765177245342,PRIN.20181114.03,Beta 3-Pass
2686.918420444297,-28083.655928286254,33457.492769174845,PRIN.20181115.10,Type 2 Vmax
1735.978,0,6641.249999999995,PRIN.20181115.10,Type 2 Posterior Prediction 3-Pass
107.42261543870568,-1152.0851366058353,1366.9303674832465,PRIN.20181115.10,Beta 3-Pass
643.7104054819036,264.2101392722853,1023.2106716915221,PRIN.20190226.03,Type 2 Vmax
507.606,0,1041.3499999999997,PRIN.20190226.03,Type 2 Posterior Prediction 3-Pass
15.190670171963179,4.768571196638229,25.612769147288127,PRIN.20190226.03,Beta 3-Pass
282.52082693395204,262.4647540057985,302.57689986210556,PRIN.20190227.10,Type 2 Vmax
232.704,204,262,PRIN.20190227.10,Type 2 Posterior Prediction 3-Pass
10.64381360059272,9.713969579159553,11.573657622025888,PRIN.20190227.10,Beta 3-Pass
328.92141340397643,269.1009285677902,388.74189824016264,PRIN.20190228.07,Type 2 Vmax
299.202,207.95,395,PRIN.20190228.07,Type 2 Posterior Prediction 3-Pass
4.459112840559794,3.225729067840982,5.692496613278607,PRIN.20190228.07,Beta 3-Pass
194.95989264017396,193.81026747480377,196.10951780554416,PRIN.20191118.03,Type 2 Vmax
182.446,181,184,PRIN.20191118.03,Type 2 Posterior Prediction 3-Pass
3.4236855920217284,3.3901393235382247,3.457231860505232,PRIN.20191118.03,Beta 3-Pass
865.8578985456919,612.1059638027521,1119.6098332886318,PRIN.20191119.07,Type 2 Vmax
807.18,413.80000000000007,1219.1999999999998,PRIN.20191119.07,Type 2 Posterior Prediction 3-Pass
2.626960019477283,1.212410057291344,4.041509981663221,PRIN.20191119.07,Beta 3-Pass
669.1923753654797,-18.813853734408667,1357.1986044653681,PRIN.20191120.10,Type 2 Vmax
755.102,0,2100.6999999999975,PRIN.20191120.10,Type 2 Posterior Prediction 3-Pass
38.528722054505295,-3.691572460668361,80.74901656967896,PRIN.20191120.10,Beta 3-Pass
263.6483494238469,192.26877301080458,335.02792583688927,PRIN.20200311.10,Type 2 Vmax
241.542,145.95,348.04999999999995,PRIN.20200311.10,Type 2 Posterior Prediction 3-Pass
5.015899252641252,3.0229037339303293,7.008894771352175,PRIN.20200311.10,Beta 3-Pass
790.4732879964216,672.34997658869,908.5965994041533,PRIN.20200312.07,Type 2 Vmax
706.23,526,877.0999999999999,PRIN.20200312.07,Type 2 Posterior Prediction 3-Pass
6.016239865993379,4.761933968511558,7.2705457634752,PRIN.20200312.07,Beta 3-Pass
2600.3943041939992,2567.834403889002,2632.9542044989967,PRIN.20211116.03,Type 2 Vmax
2204.06,2158,2247,PRIN.20211116.03,Type 2 Posterior Prediction 3-Pass
8.941723142571464,8.799280424336043,9.084165860806884,PRIN.20211116.03,Beta 3-Pass
4254.617845195998,-3499.8945049473396,12009.130195339334,PRIN.20211117.07,Type 2 Vmax
5727.776,0,17940.59999999998,PRIN.20211117.07,Type 2 Posterior Prediction 3-Pass
20.585479818733305,-21.505661312187044,62.67662094965365,PRIN.20211117.07,Beta 3-Pass
1061.4513383640985,1056.885715778309,1066.016960949888,PRIN.20211119.10,Type 2 Vmax
1016.918,1009,1024,PRIN.20211119.10,Type 2 Posterior Prediction 3-Pass
2.172683462969069,2.1540961893631616,2.1912707365749764,PRIN.20211119.10,Beta 3-Pass
81.50508990889689,75.70877955199038,87.30140026580341,REDB.20161020.02,Type 2 Vmax
76.672,67,85,REDB.20161020.02,Type 2 Posterior Prediction 3-Pass
3.1573172480256932,2.7730506368673855,3.541583859184001,REDB.20161020.02,Beta 3-Pass
93.74233362458473,92.37391666260396,95.1107505865655,REDB.20161021.05,Type 2 Vmax
90.114,88,92,REDB.20161021.05,Type 2 Posterior Prediction 3-Pass
2.010306146215759,1.9499130487500629,2.0706992436814553,REDB.20161021.05,Beta 3-Pass
122.50782784976789,116.01252087872672,129.00313482080907,REDB.20161022.07,Type 2 Vmax
110.118,101,120,REDB.20161022.07,Type 2 Posterior Prediction 3-Pass
5.7254260659069365,5.296255646175663,6.15459648563821,REDB.20161022.07,Beta 3-Pass
241.04795196884572,-78.3900867251512,560.4859906628426,REDB.20171020.07,Type 2 Vmax
261.432,0,821.2499999999998,REDB.20171020.07,Type 2 Posterior Prediction 3-Pass
16.09331650391344,-8.535775591952447,40.72240859977933,REDB.20171020.07,Beta 3-Pass
19.62563396248696,18.614155462673576,20.63711246230034,REDB.20171021.05,Type 2 Vmax
19.406,18,21,REDB.20171021.05,Type 2 Posterior Prediction 3-Pass
0.5314552900015179,0.4132775717786549,0.649633008224381,REDB.20171021.05,Beta 3-Pass
27.134348360066397,-3.743202933093489,58.01189965322628,REDB.20180425.07,Type 2 Vmax
26.562,0,73.04999999999995,REDB.20180425.07,Type 2 Posterior Prediction 3-Pass
10.120738915349548,-4.182976981189924,24.42445481188902,REDB.20180425.07,Beta 3-Pass
8.33337715070008,7.087607739480504,9.579146561919657,REDB.20180427.05,Type 2 Vmax
7.736,6,10,REDB.20180427.05,Type 2 Posterior Prediction 3-Pass
3.3401627251539354,2.5030606230004655,4.177264827307405,REDB.20180427.05,Beta 3-Pass
36.40094754627126,22.98201276498233,49.819882327560194,REDB.20181018.07,Type 2 Vmax
32.794,12,55,REDB.20181018.07,Type 2 Posterior Prediction 3-Pass
5.573003699971717,2.6469094828404742,8.49909791710296,REDB.20181018.07,Beta 3-Pass
24.904365476953185,23.172174112021374,26.636556841884996,REDB.20191014.02,Type 2 Vmax
24.636,22,28,REDB.20191014.02,Type 2 Posterior Prediction 3-Pass
0.8159879599264838,0.6293504075845685,1.002625512268399,REDB.20191014.02,Beta 3-Pass
11.999999999999995,11.99999999999999,12,REDB.20191015.05,Type 2 Vmax
12,12,12,REDB.20191015.05,Type 2 Posterior Prediction 3-Pass
0.9999999999999989,0.9999999999999977,1.0000000000000002,REDB.20191015.05,Beta 3-Pass
41.829567690140685,12.454790782998476,71.2043445972829,REDB.20191016.07,Type 2 Vmax
36.596,0,78.04999999999995,REDB.20191016.07,Type 2 Posterior Prediction 3-Pass
8.112410204776078,0.7146300072406593,15.510190402311496,REDB.20191016.07,Beta 3-Pass
674.0876750384142,657.8474829364407,690.3278671403878,SYCA.20190625.04,Type 2 Vmax
632.236,608,660,SYCA.20190625.04,Type 2 Posterior Prediction 3-Pass
3.2951217395927093,3.1613764823266455,3.428866996858773,SYCA.20190625.04,Beta 3-Pass
657.4865809506472,595.125702411098,719.8474594901963,SYCA.20190626.06,Type 2 Vmax
610.898,520.85,705,SYCA.20190626.06,Type 2 Posterior Prediction 3-Pass
3.746381020188399,3.1742485113074834,4.318513529069314,SYCA.20190626.06,Beta 3-Pass
806.5160405568313,757.7006709393524,855.3314101743101,SYCA.20190627.10,Type 2 Vmax
781.216,705.9,854.05,SYCA.20190627.10,Type 2 Posterior Prediction 3-Pass
1.7762051267057006,1.5421109291358746,2.0102993242755267,SYCA.20190627.10,Beta 3-Pass
799.6513428112964,757.2900102191817,842.0126754034112,SYCA.20200206.10,Type 2 Vmax
729.676,661,790.05,SYCA.20200206.10,Type 2 Posterior Prediction 3-Pass
4.761486714372222,4.385522711857095,5.13745071688735,SYCA.20200206.10,Beta 3-Pass
3765.8713334759336,3631.2483535729466,3900.4943133789207,SYCA.20201014.06,Type 2 Vmax
3469.26,3268,3668.05,SYCA.20201014.06,Type 2 Posterior Prediction 3-Pass
4.293016827512029,4.056796175643274,4.529237479380784,SYCA.20201014.06,Beta 3-Pass
214.03395708019966,182.57794150942817,245.48997265097114,TECR.20191015.05,Type 2 Vmax
201.962,155,246.0999999999999,TECR.20191015.05,Type 2 Posterior Prediction 3-Pass
3.205701482255784,2.403930878159656,4.007472086351912,TECR.20191015.05,Beta 3-Pass
237.34263102974958,213.3954460719611,261.2898159875381,TECR.20191016.06,Type 2 Vmax
220.322,181.95,259,TECR.20191016.06,Type 2 Posterior Prediction 3-Pass
3.352468439604017,2.7861498669497973,3.918787012258237,TECR.20191016.06,Beta 3-Pass
149.5246642240891,132.75257498278012,166.29675346539807,TECR.20210601.01,Type 2 Vmax
144.754,119,172,TECR.20210601.01,Type 2 Posterior Prediction 3-Pass
1.813708229222716,1.3749927924756387,2.2524236659697934,TECR.20210601.01,Beta 3-Pass
210.1534584619097,191.65422717165808,228.65268975216134,WALK.20160329.01,Type 2 Vmax
205.422,176.95,237,WALK.20160329.01,Type 2 Posterior Prediction 3-Pass
1.1976717123487157,0.9183130023041732,1.4770304223932582,WALK.20160329.01,Beta 3-Pass
137.56894713339503,136.65609712880487,138.48179713798518,WALK.20161102.01,Type 2 Vmax
135.75,134,137,WALK.20161102.01,Type 2 Posterior Prediction 3-Pass
0.6606523922284994,0.6442402025802656,0.6770645818767331,WALK.20161102.01,Beta 3-Pass
164.13195524848314,147.74656509944873,180.51734539751754,WALK.20170315.05,Type 2 Vmax
158.168,132,187,WALK.20170315.05,Type 2 Posterior Prediction 3-Pass
1.78980114957758,1.4021140504004026,2.1774882487547575,WALK.20170315.05,Beta 3-Pass
140.4691505322885,134.1734729290483,146.7648281355287,WALK.20180328.05,Type 2 Vmax
132.34,123,142,WALK.20180328.05,Type 2 Posterior Prediction 3-Pass
3.07864551294321,2.8402726382879595,3.3170183875984605,WALK.20180328.05,Beta 3-Pass
167.95728725824904,164.80120683936588,171.1133676771322,WALK.20181106.01,Type 2 Vmax
165.882,161,171,WALK.20181106.01,Type 2 Posterior Prediction 3-Pass
0.6538802734542127,0.607578536635276,0.7001820102731495,WALK.20181106.01,Beta 3-Pass
145.07316177906836,139.2648222822333,150.88150127590342,WALK.20181107.05,Type 2 Vmax
143.762,134,152.04999999999995,WALK.20181107.05,Type 2 Posterior Prediction 3-Pass
0.5423730316019112,0.44994882223117594,0.6347972409726464,WALK.20181107.05,Beta 3-Pass
110.7581545388878,110.14500214783547,111.37130692994012,WALK.20190319.01,Type 2 Vmax
108.938,108,110,WALK.20190319.01,Type 2 Posterior Prediction 3-Pass
0.8126947035267197,0.7978640011734166,0.8275254058800228,WALK.20190319.01,Beta 3-Pass
76.8999463992028,73.31041849955014,80.48947429885547,WALK.20190320.03,Type 2 Vmax
75.7,69.95,82,WALK.20190320.03,Type 2 Posterior Prediction 3-Pass
0.7236837345934609,0.6042152350089437,0.8431522341779781,WALK.20190320.03,Beta 3-Pass
80.747405134590025,77.64643649486538,83.84837377431467,WALK.20190320.05,Type 2 Vmax
79.144,75,84,WALK.20190320.05,Type 2 Posterior Prediction 3-Pass
0.994871414332684,0.8828423797927849,1.106900448872583,WALK.20190320.05,Beta 3-Pass
222.01735481615063,214.82639154914088,229.20831808316038,WALK.20191105.01,Type 2 Vmax
219.888,208.95,231,WALK.20191105.01,Type 2 Posterior Prediction 3-Pass
0.6172893235687611,0.5391200713983937,0.6954585757391285,WALK.20191105.01,Beta 3-Pass
85.80623481401813,83.91317500005306,87.69929462798319,WALK.20191106.03,Type 2 Vmax
85.18,82,88,WALK.20191106.03,Type 2 Posterior Prediction 3-Pass
0.35416237285472063,0.3092472687885429,0.39907747692089834,WALK.20191106.03,Beta 3-Pass
158.2156137885376,158.03817506015747,158.39305251691775,WALK.20191106.05,Type 2 Vmax
155.888,155,156,WALK.20191106.05,Type 2 Posterior Prediction 3-Pass
0.7985075750277838,0.7955243072775919,0.8014908427779757,WALK.20191106.05,Beta 3-Pass
131.47680486417133,110.30963420623644,152.64397552210622,WALK.20200318.01,Type 2 Vmax
125.952,94,159.04999999999995,WALK.20200318.01,Type 2 Posterior Prediction 3-Pass
2.205397359206505,1.5037527854757458,2.9070419329372643,WALK.20200318.01,Beta 3-Pass
82.59197239043712,81.78818622907015,83.3957585518041,WALK.20200319.03,Type 2 Vmax
81.218,80,83,WALK.20200319.03,Type 2 Posterior Prediction 3-Pass
0.8826254553770377,0.8556542606632307,0.9095966500908448,WALK.20200319.03,Beta 3-Pass
302.4694357417967,292.710815611767,312.2280558718264,WALK.20201102.01,Type 2 Vmax
292.404,278,307,WALK.20201102.01,Type 2 Posterior Prediction 3-Pass
1.8517274630825242,1.7241209217749196,1.9793340043901289,WALK.20201102.01,Beta 3-Pass
155.99347694485851,152.91704286373178,159.06991102598525,WALK.20201103.03,Type 2 Vmax
151.884,147,157,WALK.20201103.03,Type 2 Posterior Prediction 3-Pass
1.3138757327722763,1.2484606974928407,1.379290768051712,WALK.20201103.03,Beta 3-Pass
276.4648455025303,262.40487007479504,290.52482093026555,WALK.20201104.05,Type 2 Vmax
268.932,245,291.04999999999995,WALK.20201104.05,Type 2 Posterior Prediction 3-Pass
1.3864350320525762,1.2132530785681754,1.559616985536977,WALK.20201104.05,Beta 3-Pass
153.91250373920397,153.3755168968599,154.44949058154805,WALK.20210324.05,Type 2 Vmax
150.292,149,151,WALK.20210324.05,Type 2 Posterior Prediction 3-Pass
1.2011431577987177,1.190055869856235,1.2122304457412005,WALK.20210324.05,Beta 3-Pass
140.72977283901625,138.0068849077256,143.4526607703069,WALK.20211109.01,Type 2 Vmax
139.44,135,144,WALK.20211109.01,Type 2 Posterior Prediction 3-Pass
0.5214097979710893,0.4773201176078628,0.5654994783343159,WALK.20211109.01,Beta 3-Pass
87.16086505834575,74.01413083583265,100.30759928085885,WALK.20211109.03,Type 2 Vmax
84.338,63,107,WALK.20211109.03,Type 2 Posterior Prediction 3-Pass
1.442174064314782,0.9183806612828253,1.9659674673467387,WALK.20211109.03,Beta 3-Pass
169.60042569549887,165.09449619719285,174.1063551938049,WALK.20211110.05,Type 2 Vmax
167.964,161,175,WALK.20211110.05,Type 2 Posterior Prediction 3-Pass
0.5731024169862576,0.5106215023901028,0.6355833315824124,WALK.20211110.05,Beta 3-Pass
31.41834936532021,30.866455077804755,31.970243652835666,WLOU.20170606.04,Type 2 Vmax
28.958,28,30,WLOU.20170606.04,Type 2 Posterior Prediction 3-Pass
4.2598967877574,4.144432165389429,4.375361410125371,WLOU.20170606.04,Beta 3-Pass
14.355569544345702,14.2506719121839,14.460467176507503,WLOU.20170607.07,Type 2 Vmax
14.002,14,14,WLOU.20170607.07,Type 2 Posterior Prediction 3-Pass
0.5983945338440179,0.5809514922344899,0.6158375754535458,WLOU.20170607.07,Beta 3-Pass
53.20741515941126,52.89708437137618,53.51774594744634,WLOU.20170927.04,Type 2 Vmax
52.446,52,53,WLOU.20170927.04,Type 2 Posterior Prediction 3-Pass
0.7193157350892978,0.7044225292636951,0.7342089409149005,WLOU.20170927.04,Beta 3-Pass
41.99972064566066,38.754190962755345,45.24525032856597,WLOU.20170928.07,Type 2 Vmax
40.012,34,45,WLOU.20170928.07,Type 2 Posterior Prediction 3-Pass
2.306504266063161,1.960963402152911,2.6520451299734114,WLOU.20170928.07,Beta 3-Pass
194.11814350023815,-7.817839704719546,396.0541267051958,WLOU.20180530.04,Type 2 Vmax
157.596,0,448.14999999999986,WLOU.20180530.04,Type 2 Posterior Prediction 3-Pass
29.041380396688243,-3.7974982262225048,61.880259019598995,WLOU.20180530.04,Beta 3-Pass
48.02087641193499,31.053920902562815,64.98783192130716,WLOU.20180924.01,Type 2 Vmax
44.474,18,71,WLOU.20180924.01,Type 2 Posterior Prediction 3-Pass
5.297698571737062,2.593638428081049,8.001758715393073,WLOU.20180924.01,Beta 3-Pass
39.263543018000846,36.12512611067426,42.40195992532743,WLOU.20180925.04,Type 2 Vmax
38.44,33,44,WLOU.20180925.04,Type 2 Posterior Prediction 3-Pass
1.0114600204595547,0.7765823206928719,1.2463377202262376,WLOU.20180925.04,Beta 3-Pass
90.51719937345666,64.50995906154505,116.52443968536828,WLOU.20190923.01,Type 2 Vmax
84.59,48,123.04999999999995,WLOU.20190923.01,Type 2 Posterior Prediction 3-Pass
4.605579514202463,2.613132856940349,6.598026171464578,WLOU.20190923.01,Beta 3-Pass
78.34360521602537,59.20120650002015,97.48600393203058,WLOU.20190924.04,Type 2 Vmax
75.968,46.95,104,WLOU.20190924.04,Type 2 Posterior Prediction 3-Pass
1.720340374311289,0.7912368152699323,2.6494439333526456,WLOU.20190924.04,Beta 3-Pass
31.568716203700625,27.358635470666435,35.778796936734814,WLOU.20190925.07,Type 2 Vmax
31.064,24,37.049999999999955,WLOU.20190925.07,Type 2 Posterior Prediction 3-Pass
0.9325200280051932,0.5542291024920047,1.3108109535183816,WLOU.20190925.07,Beta 3-Pass
45.457315958867966,44.11745242930612,46.79717948842981,WLOU.20210525.04,Type 2 Vmax
40.962,39,43,WLOU.20210525.04,Type 2 Posterior Prediction 3-Pass
5.5373628835159785,5.304487481357303,5.770238285674654,WLOU.20210525.04,Beta 3-Pass
30.323204287038504,26.615275179096823,34.03113339498018,WLOU.20210526.07,Type 2 Vmax
29.344,24,35,WLOU.20210526.07,Type 2 Posterior Prediction 3-Pass
2.146012897263653,1.621282397972912,2.6707433965543936,WLOU.20210526.07,Beta 3-Pass
423.2127278137811,-1482.0171076726806,2328.442563300243,WLOU.20210927.01,Type 2 Vmax
633.382,0,2365.3999999999996,WLOU.20210927.01,Type 2 Posterior Prediction 3-Pass
39.45818624594719,-149.60055071375132,228.5169232056457,WLOU.20210927.01,Beta 3-Pass
197.62867745742392,107.29173272228417,287.96562219256367,WLOU.20210928.04,Type 2 Vmax
160.272,43,287.14999999999986,WLOU.20210928.04,Type 2 Posterior Prediction 3-Pass
11.291159675713741,5.005150287289407,17.577169064138076,WLOU.20210928.04,Beta 3-Pass
55.97961936775457,54.37739272672284,57.58184600878631,WLOU.20210929.07,Type 2 Vmax
54.204,52,57,WLOU.20210929.07,Type 2 Posterior Prediction 3-Pass
1.7739674017953209,1.6633435546348845,1.8845912489557572,WLOU.20210929.07,Beta 3-Pass
