site_int,siteID,year,reachID,reach,date,value,.lower,.upper,.width,.point,.interval,month
1,ARIK,2016,ARIK.20160413.06,06,2016-04-13,0.7034271703367433,0.6406278840404113,0.7543840646588394,0.95,median,qi,4
2,ARIK,2016,ARIK.20160414.09,09,2016-04-14,0.7213991680522991,0.4142801419301929,0.8724465646823052,0.95,median,qi,4
3,ARIK,2016,ARIK.20161011.01,01,2016-10-11,0.39576828883966225,0.040815721768604735,0.804976926893044,0.95,median,qi,10
4,ARIK,2016,ARIK.20161011.06,06,2016-10-11,0.8107789894640975,0.6184042085911253,0.9148136416265576,0.95,median,qi,10
5,ARIK,2017,ARIK.20170410.01,01,2017-04-10,0.6912365573080322,0.12768818887967834,0.9329373560049953,0.95,median,qi,4
6,ARIK,2017,ARIK.20170411.06,06,2017-04-11,0.5599888893367442,0.3075221846551586,0.7292500574871796,0.95,median,qi,4
7,ARIK,2017,ARIK.20170412.09,09,2017-04-12,0.8928472557693361,0.7835757835137211,0.9497689990013134,0.95,median,qi,4
8,ARIK,2017,ARIK.20171018.06,06,2017-10-18,0.45841096447683816,0.11372525089757407,0.6742555283609482,0.95,median,qi,10
9,ARIK,2017,ARIK.20171019.09,09,2017-10-19,0.9032301371429229,0.8118031059207657,0.953608814550461,0.95,median,qi,10
10,ARIK,2018,ARIK.20180402.01,01,2018-04-02,0.6480655793639776,0.3717279408936086,0.812445300854192,0.95,median,qi,4
11,ARIK,2018,ARIK.20180403.06,06,2018-04-03,0.6789545083306575,0.36257861855817397,0.8460430594267476,0.95,median,qi,4
12,ARIK,2018,ARIK.20180404.09,09,2018-04-04,0.8298537748543773,0.6732026839907649,0.9157573291973972,0.95,median,qi,4
13,ARIK,2018,ARIK.20181015.01,01,2018-10-15,0.5667118432632667,0.4125896538761587,0.6803093838537495,0.95,median,qi,10
14,ARIK,2018,ARIK.20181018.09,09,2018-10-18,0.36493898010080184,0.13769583357994533,0.5318780680619306,0.95,median,qi,10
15,ARIK,2019,ARIK.20190409.01,01,2019-04-09,0.6018578679337623,0.21904660073282756,0.8194760845670442,0.95,median,qi,4
16,ARIK,2019,ARIK.20190410.06,06,2019-04-10,0.7847657574136166,0.6239116468178526,0.8742760079750522,0.95,median,qi,4
17,ARIK,2019,ARIK.20191014.01,01,2019-10-14,0.24230398933161107,0.06517773655724941,0.4309353958399931,0.95,median,qi,10
18,ARIK,2019,ARIK.20191015.06,06,2019-10-15,0.5005037673934118,0.32922145184124063,0.6360547645871529,0.95,median,qi,10
19,ARIK,2019,ARIK.20191016.09,09,2019-10-16,0.6583870047248248,0.5493569820299986,0.7406313044833523,0.95,median,qi,10
20,ARIK,2021,ARIK.20210408.09,09,2021-04-08,0.3478070511578738,0.030027875143022832,0.8067481958930355,0.95,median,qi,4
21,BIGC,2018,BIGC.20180518.09,09,2018-05-18,0.7765308036887015,0.5232727587602444,0.8964261580843342,0.95,median,qi,5
22,BIGC,2018,BIGC.20181015.01,01,2018-10-15,0.6691815242505822,0.2690438028147132,0.8703644590608879,0.95,median,qi,10
23,BIGC,2018,BIGC.20181017.04,04,2018-10-17,0.945189957381084,0.8722639751321781,0.9774693698788681,0.95,median,qi,10
24,BIGC,2018,BIGC.20181018.07,07,2018-10-18,0.9612531438427558,0.8983266148867096,0.986758646938195,0.95,median,qi,10
25,BIGC,2019,BIGC.20190422.01,01,2019-04-22,0.7997259276679594,0.35059533973694057,0.9452973056410171,0.95,median,qi,4
26,BIGC,2019,BIGC.20190423.04,04,2019-04-23,0.6518163289772607,0.22235600743262804,0.8539930158248346,0.95,median,qi,4
27,BIGC,2019,BIGC.20190424.07,07,2019-04-24,0.5734066490153065,0.07307150499061256,0.8792072248975307,0.95,median,qi,4
28,BIGC,2019,BIGC.20191021.01,01,2019-10-21,0.9485352774323808,0.8563954007136602,0.982994729410119,0.95,median,qi,10
29,BIGC,2019,BIGC.20191022.04,04,2019-10-22,0.8544154466391957,0.6991910852945805,0.9297724829281211,0.95,median,qi,10
30,BIGC,2019,BIGC.20191023.07,07,2019-10-23,0.9385775577301598,0.8326661715893935,0.9795816054064974,0.95,median,qi,10
31,BIGC,2021,BIGC.20210420.04,04,2021-04-20,0.951609219436993,0.7841291039196022,0.9912326103608338,0.95,median,qi,4
32,BLDE,2018,BLDE.20180918.02,02,2018-09-18,0.7280264583645679,0.17509236331228162,0.935232602345714,0.95,median,qi,9
33,BLDE,2018,BLDE.20180918.03,03,2018-09-18,0.516078484707663,0.0891837025150857,0.8419985639304504,0.95,median,qi,9
34,BLDE,2018,BLDE.20180919.06,06,2018-09-19,0.5080744838575779,0.07425067871368818,0.8542261933561113,0.95,median,qi,9
35,BLDE,2019,BLDE.20190923.02,02,2019-09-23,0.6314282381496166,0.1210449212660635,0.8742461838847477,0.95,median,qi,9
36,BLDE,2019,BLDE.20190925.06,06,2019-09-25,0.3978704987718715,0.05071643190409831,0.7595433676027605,0.95,median,qi,9
37,BLDE,2020,BLDE.20201006.02,02,2020-10-06,0.5990080485009199,0.09682048226618276,0.8596930067187178,0.95,median,qi,10
38,BLDE,2021,BLDE.20210929.06,06,2021-09-29,0.6783368854377487,0.3437317912087312,0.8469716212782719,0.95,median,qi,9
39,BLUE,2017,BLUE.20171031.02,02,2017-10-31,0.8470437964150552,0.7626571772593845,0.9010813029943643,0.95,median,qi,10
40,BLUE,2017,BLUE.20171101.04,04,2017-11-01,0.8410319224754753,0.7691764185949442,0.8909894699423377,0.95,median,qi,11
41,BLUE,2017,BLUE.20171102.07,07,2017-11-02,0.26371110446249657,0.07254572545758897,0.44388898149808004,0.95,median,qi,11
42,CARI,2016,CARI.20160926.01,01,2016-09-26,0.7202070640553259,0.11692360429573954,0.9594220238726295,0.95,median,qi,9
43,CUPE,2017,CUPE.20171211.03,03,2017-12-11,0.5974531451681422,0.03539301958448288,0.9733311567958998,0.95,median,qi,12
44,CUPE,2017,CUPE.20171212.06,06,2017-12-12,0.6606524421405645,0.043905241178666,0.9669145670112385,0.95,median,qi,12
45,CUPE,2017,CUPE.20171213.08,08,2017-12-13,0.5379660725730189,0.041718136876094325,0.9480313650724314,0.95,median,qi,12
46,CUPE,2018,CUPE.20180215.08,08,2018-02-15,0.49558082072049114,0.026506002096927814,0.9509920002188902,0.95,median,qi,2
47,CUPE,2018,CUPE.20181127.03,03,2018-11-27,0.6134654581785226,0.039116894570949946,0.9537918763477826,0.95,median,qi,11
48,CUPE,2018,CUPE.20181128.06,06,2018-11-28,0.39146665722938023,0.030614029318157588,0.8636851471863418,0.95,median,qi,11
49,CUPE,2018,CUPE.20181129.08,08,2018-11-29,0.7695930097379228,0.12118991254291384,0.978240143183127,0.95,median,qi,11
50,CUPE,2019,CUPE.20190204.03,03,2019-02-04,0.8872460650392489,0.5056611961984714,0.976199955217721,0.95,median,qi,2
51,CUPE,2019,CUPE.20190205.06,06,2019-02-05,0.8383355536135498,0.5263943671697637,0.9486644941356448,0.95,median,qi,2
52,CUPE,2019,CUPE.20191202.03,03,2019-12-02,0.7593504942218414,0.12157431301811078,0.9532648517177384,0.95,median,qi,12
53,CUPE,2019,CUPE.20191203.06,06,2019-12-03,0.2693959081008129,0.028718910730150957,0.6246099270855245,0.95,median,qi,12
54,CUPE,2019,CUPE.20191204.08,08,2019-12-04,0.41146779736186256,0.032217472769266856,0.8972472653552359,0.95,median,qi,12
55,CUPE,2021,CUPE.20210222.03,03,2021-02-22,0.9260961731096431,0.7930311641014833,0.9771553840393732,0.95,median,qi,2
56,CUPE,2021,CUPE.20211213.03,03,2021-12-13,0.6481893366956238,0.2946282720350689,0.829632356038863,0.95,median,qi,12
57,GUIL,2018,GUIL.20180206.02,02,2018-02-06,0.5020768068139837,0.03448238091151793,0.9347589105714122,0.95,median,qi,2
58,GUIL,2018,GUIL.20180207.05,05,2018-02-07,0.48840382321624193,0.06112486047449689,0.8351051193330401,0.95,median,qi,2
59,GUIL,2018,GUIL.20180208.09,09,2018-02-08,0.5903602238995318,0.2936841488463571,0.7630849482746572,0.95,median,qi,2
60,HOPB,2016,HOPB.20161025.04,04,2016-10-25,0.8411192236460201,0.6743237646206729,0.9220616017926367,0.95,median,qi,10
61,HOPB,2016,HOPB.20161026.06,06,2016-10-26,0.6953014157785548,0.4615903258596115,0.8224769392243138,0.95,median,qi,10
62,HOPB,2016,HOPB.20161027.10,10,2016-10-27,0.6838849303153535,0.5289822065690526,0.7916496847320492,0.95,median,qi,10
63,HOPB,2017,HOPB.20170503.06,06,2017-05-03,0.7725221469790597,0.29038860117695553,0.9350849230761593,0.95,median,qi,5
64,HOPB,2017,HOPB.20170503.10,10,2017-05-03,0.7740026992447298,0.5946240702948009,0.874178662533159,0.95,median,qi,5
65,HOPB,2017,HOPB.20171024.04,04,2017-10-24,0.717041441208907,0.36378445124212755,0.8731836038611402,0.95,median,qi,10
66,HOPB,2017,HOPB.20171103.06,06,2017-11-03,0.4775948708916874,0.09674237082044723,0.7820441731863663,0.95,median,qi,11
67,HOPB,2017,HOPB.20171108.10,10,2017-11-08,0.8213535808213619,0.6901598672731978,0.9052803486190052,0.95,median,qi,11
68,HOPB,2018,HOPB.20180430.04,04,2018-04-30,0.38982219988037864,0.038560153615863534,0.7571327095776775,0.95,median,qi,4
69,HOPB,2018,HOPB.20180501.06,06,2018-05-01,0.2925410746445636,0.030202906738172157,0.6867839157361857,0.95,median,qi,5
70,HOPB,2018,HOPB.20180503.10,10,2018-05-03,0.7462916747941661,0.5601248998172041,0.863204515048078,0.95,median,qi,5
71,HOPB,2018,HOPB.20181022.04,04,2018-10-22,0.684397843806154,0.23555876178654103,0.8955609294971995,0.95,median,qi,10
72,HOPB,2018,HOPB.20181023.06,06,2018-10-23,0.6856790369884311,0.22342183304372415,0.8849700932423998,0.95,median,qi,10
73,HOPB,2018,HOPB.20181025.10,10,2018-10-25,0.7296505750416058,0.5151478599040298,0.8526344152287044,0.95,median,qi,10
74,HOPB,2019,HOPB.20190507.04,04,2019-05-07,0.7874948183463292,0.3291531248545696,0.9464073510002977,0.95,median,qi,5
75,HOPB,2019,HOPB.20190508.06,06,2019-05-08,0.5318147327594364,0.04295923485256326,0.904632390636271,0.95,median,qi,5
76,HOPB,2019,HOPB.20190509.10,10,2019-05-09,0.8118247101444671,0.6481461225523988,0.9077281869287936,0.95,median,qi,5
77,HOPB,2019,HOPB.20191022.04,04,2019-10-22,0.6384244652170867,0.3288937897625838,0.8165467788200856,0.95,median,qi,10
78,HOPB,2019,HOPB.20191024.06,06,2019-10-24,0.6705079948675634,0.21502257294709573,0.8817814224791612,0.95,median,qi,10
79,HOPB,2019,HOPB.20191025.10,10,2019-10-25,0.5631295522989409,0.33615923601329517,0.7148191248674607,0.95,median,qi,10
80,HOPB,2020,HOPB.20201026.04,04,2020-10-26,0.8859386275161856,0.7316001532216319,0.9555569216043439,0.95,median,qi,10
81,HOPB,2020,HOPB.20201027.06,06,2020-10-27,0.8655992563257655,0.725120094430908,0.9371021290984081,0.95,median,qi,10
82,HOPB,2020,HOPB.20201029.10,10,2020-10-29,0.8145708979605623,0.7184565313140878,0.8798044213410059,0.95,median,qi,10
83,HOPB,2021,HOPB.20211029.04,04,2021-10-29,0.6823391815473993,0.25963430624165973,0.8843782563573365,0.95,median,qi,10
84,KING,2017,KING.20171019.03,03,2017-10-19,0.6142793080495366,0.510026164216335,0.6964787147689316,0.95,median,qi,10
85,KING,2017,KING.20171020.04,04,2017-10-20,0.20021893837832735,0.04737590084537824,0.36721810043094794,0.95,median,qi,10
86,KING,2018,KING.20180412.03,03,2018-04-12,0.5563287926352967,0.37066620332742206,0.6900790369430223,0.95,median,qi,4
87,KING,2019,KING.20190409.03,03,2019-04-09,0.26953846028426265,0.0321729075338268,0.6162048811561333,0.95,median,qi,4
88,KING,2019,KING.20191021.01,01,2019-10-21,0.4487924889309933,0.2621850761932123,0.6004686643912803,0.95,median,qi,10
89,KING,2019,KING.20191022.03,03,2019-10-22,0.7020527644566296,0.25379005909148,0.8950158536650408,0.95,median,qi,10
90,KING,2019,KING.20191023.04,04,2019-10-23,0.8001063431357027,0.38555738928702155,0.9329564218766502,0.95,median,qi,10
91,KING,2020,KING.20200618.01,01,2020-06-18,0.7078197150285239,0.5781271304867668,0.79601725597327,0.95,median,qi,6
92,KING,2020,KING.20201020.03,03,2020-10-20,0.5742660570654364,0.4804926185144713,0.6503786033340212,0.95,median,qi,10
93,KING,2021,KING.20210429.01,01,2021-04-29,0.3136848190472127,0.11907135985345901,0.47440564257086715,0.95,median,qi,4
94,KING,2021,KING.20211020.03,03,2021-10-20,0.41401723272685176,0.274404200211488,0.5275676655129086,0.95,median,qi,10
95,KING,2021,KING.20211021.04,04,2021-10-21,0.6493091601722404,0.5434045244576804,0.7348342949984228,0.95,median,qi,10
96,LECO,2016,LECO.20161017.01,01,2016-10-17,0.8997876498028171,0.8118293524505467,0.9490262857728734,0.95,median,qi,10
97,LECO,2016,LECO.20161018.04,04,2016-10-18,0.8806781207451488,0.7035138975352149,0.9562458421653371,0.95,median,qi,10
98,LECO,2016,LECO.20161019.10,10,2016-10-19,0.8985063161097413,0.7852196692355253,0.9532115412900705,0.95,median,qi,10
99,LECO,2018,LECO.20180605.01,01,2018-06-05,0.967530413604202,0.9214314961352795,0.9879246442078938,0.95,median,qi,6
100,LECO,2018,LECO.20180606.04,04,2018-06-06,0.8790923025115231,0.7393288683536339,0.9437507224854969,0.95,median,qi,6
101,LECO,2018,LECO.20180607.10,10,2018-06-07,0.5496336749754935,0.13334422187991973,0.7917488262784087,0.95,median,qi,6
102,LECO,2018,LECO.20181023.01,01,2018-10-23,0.9313133361297298,0.8729614344816861,0.9650308818020525,0.95,median,qi,10
103,LECO,2018,LECO.20181024.04,04,2018-10-24,0.9434817301242309,0.8719528739460247,0.9773645313900391,0.95,median,qi,10
104,LECO,2018,LECO.20181025.10,10,2018-10-25,0.9117863131695685,0.7697416928897642,0.9684818869816876,0.95,median,qi,10
105,LECO,2019,LECO.20190410.01,01,2019-04-10,0.9791211430639153,0.9353818285634823,0.9943412206025155,0.95,median,qi,4
106,LECO,2019,LECO.20190411.04,04,2019-04-11,0.707759121642386,0.2558285168222584,0.8923214716286056,0.95,median,qi,4
107,LECO,2019,LECO.20190417.10,10,2019-04-17,0.9140325449597286,0.718551058687773,0.9767552922560914,0.95,median,qi,4
108,LECO,2019,LECO.20191021.01,01,2019-10-21,0.8787842678728217,0.7801902225739834,0.93385952022771,0.95,median,qi,10
109,LECO,2019,LECO.20191022.04,04,2019-10-22,0.7666322001304935,0.540412331407957,0.8842919232584061,0.95,median,qi,10
110,LECO,2019,LECO.20191023.10,10,2019-10-23,0.9649814881984257,0.9339857508736998,0.9828060769808142,0.95,median,qi,10
111,LECO,2021,LECO.20210524.01,01,2021-05-24,0.8831934548281961,0.7360528951873359,0.9515897966273681,0.95,median,qi,5
112,LECO,2021,LECO.20210525.04,04,2021-05-25,0.7309838199017711,0.37336678419160596,0.8987985705579585,0.95,median,qi,5
113,LECO,2021,LECO.20210526.10,10,2021-05-26,0.9481580325633443,0.8872991129532771,0.977785659673595,0.95,median,qi,5
114,LECO,2021,LECO.20211102.04,04,2021-11-02,0.940220993919335,0.8737795655797106,0.9727983072306341,0.95,median,qi,11
115,LECO,2021,LECO.20211103.10,10,2021-11-03,0.9119006872055453,0.8174323610365957,0.9597365119272231,0.95,median,qi,11
116,LEWI,2017,LEWI.20170410.01,01,2017-04-10,0.555300437336605,0.4114649821321785,0.6592796457344279,0.95,median,qi,4
117,LEWI,2017,LEWI.20170411.04,04,2017-04-11,0.5882355688402872,0.412623605573394,0.7196004516835925,0.95,median,qi,4
118,LEWI,2017,LEWI.20170413.09,09,2017-04-13,0.8092334173586462,0.6785161169471365,0.8877775263191161,0.95,median,qi,4
119,LEWI,2017,LEWI.20171113.01,01,2017-11-13,0.698296175614024,0.54892600047341,0.7955043668513079,0.95,median,qi,11
120,LEWI,2017,LEWI.20171114.04,04,2017-11-14,0.7286739712910411,0.5615186624435339,0.8322730385635724,0.95,median,qi,11
121,LEWI,2017,LEWI.20171116.09,09,2017-11-16,0.7780827764328491,0.619487757238415,0.8744901617404965,0.95,median,qi,11
122,LEWI,2018,LEWI.20180409.01,01,2018-04-09,0.6836606252510768,0.5114231006887258,0.8007375151653061,0.95,median,qi,4
123,LEWI,2018,LEWI.20180410.04,04,2018-04-10,0.6542278450727186,0.40624308792483727,0.8074191540969797,0.95,median,qi,4
124,LEWI,2018,LEWI.20180411.09,09,2018-04-11,0.6140060633434771,0.2329261380907841,0.8174917413974874,0.95,median,qi,4
125,LEWI,2018,LEWI.20181029.01,01,2018-10-29,0.6775022553203165,0.4471130295378275,0.8109012911147279,0.95,median,qi,10
126,LEWI,2018,LEWI.20181030.04,04,2018-10-30,0.6017769100652781,0.32666297996013144,0.7747480008305727,0.95,median,qi,10
127,LEWI,2018,LEWI.20181031.09,09,2018-10-31,0.8090591432800345,0.6106290146670548,0.9097598846823461,0.95,median,qi,10
128,LEWI,2019,LEWI.20190416.01,01,2019-04-16,0.3678106748641085,0.06996342123518356,0.6465002909926731,0.95,median,qi,4
129,LEWI,2019,LEWI.20190417.04,04,2019-04-17,0.7156454768358036,0.4624549993078681,0.8499404132845091,0.95,median,qi,4
130,LEWI,2019,LEWI.20190418.09,09,2019-04-18,0.4686451626004122,0.11058817647526745,0.7300120619086534,0.95,median,qi,4
131,LEWI,2019,LEWI.20191029.01,01,2019-10-29,0.5745996268560052,0.34577096340321384,0.7218014481130648,0.95,median,qi,10
132,LEWI,2019,LEWI.20191030.04,04,2019-10-30,0.8380903546237568,0.7401574185220152,0.9002170582513382,0.95,median,qi,10
133,LEWI,2019,LEWI.20191101.09,09,2019-11-01,0.8836385917714413,0.796692992038502,0.9350738490059541,0.95,median,qi,11
134,LEWI,2020,LEWI.20201026.01,01,2020-10-26,0.668207666954642,0.5064653728887561,0.782748403011721,0.95,median,qi,10
135,LEWI,2020,LEWI.20201027.04,04,2020-10-27,0.4065960185167652,0.12183831886942978,0.6247927745062021,0.95,median,qi,10
136,LEWI,2020,LEWI.20201028.09,09,2020-10-28,0.6721410986003682,0.3348268371643033,0.8308286124975457,0.95,median,qi,10
137,LEWI,2021,LEWI.20210412.01,01,2021-04-12,0.6143645422775421,0.4334555042721727,0.7405927386921582,0.95,median,qi,4
138,LEWI,2021,LEWI.20210413.04,04,2021-04-13,0.4474558194441136,0.16827830886821918,0.6431715983593789,0.95,median,qi,4
139,LEWI,2021,LEWI.20211108.01,01,2021-11-08,0.672756959739865,0.5145661901960462,0.7847343004925875,0.95,median,qi,11
140,LEWI,2021,LEWI.20211109.04,04,2021-11-09,0.7006087599335451,0.5291258506693993,0.812398100897271,0.95,median,qi,11
141,LEWI,2021,LEWI.20211110.09,09,2021-11-10,0.8385598213337077,0.7306222862316614,0.907181894371569,0.95,median,qi,11
142,MART,2018,MART.20181015.01,01,2018-10-15,0.8362801599761266,0.664918719550127,0.9201400924021231,0.95,median,qi,10
143,MART,2018,MART.20181016.03,03,2018-10-16,0.8540629835077067,0.6901134817217716,0.9314643436047303,0.95,median,qi,10
144,MART,2018,MART.20181017.07,07,2018-10-17,0.9441783441583924,0.8547252826301606,0.9807224006174108,0.95,median,qi,10
145,MART,2019,MART.20191014.01,01,2019-10-14,0.8873937839462573,0.635692266480401,0.9691274877593181,0.95,median,qi,10
146,MART,2019,MART.20191016.03,03,2019-10-16,0.7494650560119372,0.34812710765878135,0.9133869176087799,0.95,median,qi,10
147,MART,2019,MART.20191017.07,07,2019-10-17,0.7891324222768505,0.37899487374636276,0.9233161936671025,0.95,median,qi,10
148,MART,2020,MART.20200927.01,01,2020-09-27,0.6894104540715404,0.12914082904787064,0.9302689490993096,0.95,median,qi,9
149,MART,2020,MART.20200928.03,03,2020-09-28,0.3493295168208894,0.044325484371041855,0.7442926416316533,0.95,median,qi,9
150,MART,2020,MART.20201001.07,07,2020-10-01,0.9392611006755647,0.7047247789208674,0.9904619459165007,0.95,median,qi,10
151,MAYF,2016,MAYF.20160408.09,09,2016-04-08,0.7610487840381337,0.2702097362923095,0.931019673227054,0.95,median,qi,4
152,MAYF,2016,MAYF.20161031.02,02,2016-10-31,0.8395537261460386,0.7473729456076825,0.9019140490740046,0.95,median,qi,10
153,MAYF,2016,MAYF.20161102.07,07,2016-11-02,0.8608538069631121,0.7661840173127332,0.9198332489977434,0.95,median,qi,11
154,MAYF,2016,MAYF.20161103.09,09,2016-11-03,0.7278153102032886,0.46232518849283166,0.8734899028731516,0.95,median,qi,11
155,MAYF,2017,MAYF.20170328.02,02,2017-03-28,0.42465073979940504,0.07500656778672866,0.7624574601119622,0.95,median,qi,3
156,MAYF,2017,MAYF.20170329.07,07,2017-03-29,0.31447600902401585,0.027727398253784626,0.7055583845728747,0.95,median,qi,3
157,MAYF,2017,MAYF.20170330.09,09,2017-03-30,0.8769539461759217,0.6020204690400506,0.965898295657798,0.95,median,qi,3
158,MAYF,2018,MAYF.20180402.02,02,2018-04-02,0.832258919388124,0.6532801505261441,0.9233524843636773,0.95,median,qi,4
159,MAYF,2018,MAYF.20180404.07,07,2018-04-04,0.769990558685175,0.47734937971790714,0.9054739420987491,0.95,median,qi,4
160,MAYF,2018,MAYF.20180405.09,09,2018-04-05,0.8012153024326294,0.5087088130824206,0.923151025493625,0.95,median,qi,4
161,MAYF,2018,MAYF.20181126.02,02,2018-11-26,0.8043874529116914,0.6591095301944426,0.8911588498919061,0.95,median,qi,11
162,MAYF,2018,MAYF.20181128.07,07,2018-11-28,0.9151307911704833,0.8363851515272659,0.9579137926470378,0.95,median,qi,11
163,MAYF,2018,MAYF.20181129.09,09,2018-11-29,0.870310273137842,0.7297308180541782,0.9374329973626487,0.95,median,qi,11
164,MAYF,2019,MAYF.20190327.02,02,2019-03-27,0.46546620717925824,0.0640563383087476,0.7804201460897809,0.95,median,qi,3
165,MAYF,2019,MAYF.20190328.07,07,2019-03-28,0.6807514534186386,0.3391545018047858,0.8530565864580812,0.95,median,qi,3
166,MAYF,2019,MAYF.20190329.09,09,2019-03-29,0.4861326832060753,0.05571308501111835,0.865520239635885,0.95,median,qi,3
167,MAYF,2019,MAYF.20191119.02,02,2019-11-19,0.5867269891505729,0.36808680815482153,0.7335163237676391,0.95,median,qi,11
168,MAYF,2019,MAYF.20191120.07,07,2019-11-20,0.6390864140854013,0.3285939372335637,0.8171053803760888,0.95,median,qi,11
169,MAYF,2019,MAYF.20191121.09,09,2019-11-21,0.6175001059988569,0.23269289917816355,0.8178462845409459,0.95,median,qi,11
170,MAYF,2020,MAYF.20201203.02,02,2020-12-03,0.6168443143795718,0.21609875116969607,0.8265512988148479,0.95,median,qi,12
171,MAYF,2021,MAYF.20210421.07,07,2021-04-21,0.8016743585778019,0.4501968998700649,0.9398824605177079,0.95,median,qi,4
172,MAYF,2021,MAYF.20210423.09,09,2021-04-23,0.5620769899220688,0.0828948190888225,0.8975244420452964,0.95,median,qi,4
173,MAYF,2021,MAYF.20211026.07,07,2021-10-26,0.8732129611864461,0.7188993659382111,0.94534688472354,0.95,median,qi,10
174,MAYF,2021,MAYF.20211027.09,09,2021-10-27,0.4817314676838645,0.0615557672637265,0.7964215961275904,0.95,median,qi,10
175,MCDI,2017,MCDI.20170419.02,02,2017-04-19,0.8648206543058856,0.7340775275293198,0.9347006386106882,0.95,median,qi,4
176,MCDI,2017,MCDI.20170420.04,04,2017-04-20,0.9634513102421414,0.9112311805253315,0.9854501444934071,0.95,median,qi,4
177,MCDI,2017,MCDI.20171024.02,02,2017-10-24,0.2194170858423704,0.04498521947245051,0.4449853536671263,0.95,median,qi,10
178,MCDI,2017,MCDI.20171026.04,04,2017-10-26,0.45883866644445176,0.2679698196838136,0.5926165336727405,0.95,median,qi,10
179,MCDI,2018,MCDI.20180418.02,02,2018-04-18,0.2493532558788758,0.0505706270834754,0.48382728058362456,0.95,median,qi,4
180,MCDI,2018,MCDI.20180419.04,04,2018-04-19,0.31547333826974966,0.06474824186562089,0.5519206252868483,0.95,median,qi,4
181,MCDI,2018,MCDI.20181024.02,02,2018-10-24,0.3795866153396661,0.11683256120509879,0.5987379722054315,0.95,median,qi,10
182,MCDI,2018,MCDI.20181026.04,04,2018-10-26,0.2535811672955477,0.04907316513034207,0.4662495732753231,0.95,median,qi,10
183,MCDI,2019,MCDI.20190417.02,02,2019-04-17,0.19345442686570466,0.02752771465426543,0.4299235240049568,0.95,median,qi,4
184,MCDI,2019,MCDI.20190418.04,04,2019-04-18,0.7495449500015124,0.5779734413710389,0.8578666441427971,0.95,median,qi,4
185,MCDI,2019,MCDI.20191031.02,02,2019-10-31,0.8305185450955843,0.702374275812033,0.9074447699260073,0.95,median,qi,10
186,MCDI,2020,MCDI.20200616.02,02,2020-06-16,0.79879159965464,0.6654943925711359,0.88526071441067955,0.95,median,qi,6
187,MCDI,2021,MCDI.20210428.02,02,2021-04-28,0.8973110560146286,0.8565199062422023,0.927958441734291,0.95,median,qi,4
188,MCRA,2017,MCRA.20171002.06,06,2017-10-02,0.35019566036019945,0.03051915562141932,0.7330509758655004,0.95,median,qi,10
189,MCRA,2017,MCRA.20171003.04,04,2017-10-03,0.6650050236797953,0.23206463752861425,0.8642156500369949,0.95,median,qi,10
190,MCRA,2017,MCRA.20171004.08,08,2017-10-04,0.9827752401401488,0.9401622463420204,0.9956056825134681,0.95,median,qi,10
191,MCRA,2018,MCRA.20181001.04,04,2018-10-01,0.9387222385405998,0.8397838269682397,0.9782301631610517,0.95,median,qi,10
192,MCRA,2018,MCRA.20181002.06,06,2018-10-02,0.7793377168921507,0.30176389854188457,0.9401307472397158,0.95,median,qi,10
193,MCRA,2018,MCRA.20181003.08,08,2018-10-03,0.7370671998854137,0.36096104212081837,0.901894486935986,0.95,median,qi,10
194,MCRA,2019,MCRA.20191008.04,04,2019-10-08,0.8801157158019826,0.6692795483099498,0.9609614665905832,0.95,median,qi,10
195,MCRA,2021,MCRA.20211102.04,04,2021-11-02,0.3715156336352201,0.030241686587968178,0.8067089805322148,0.95,median,qi,11
196,MCRA,2021,MCRA.20211103.08,08,2021-11-03,0.6855519779742898,0.08492970394329732,0.9551263274638513,0.95,median,qi,11
197,POSE,2016,POSE.20161116.02,02,2016-11-16,0.7680384930427733,0.6319769847646186,0.8518934308641037,0.95,median,qi,11
198,POSE,2016,POSE.20161117.07,07,2016-11-17,0.7651114106949798,0.6461696260451687,0.8452444663778,0.95,median,qi,11
199,POSE,2016,POSE.20161118.09,09,2016-11-18,0.9080455848821072,0.8634542855460021,0.9389067226371605,0.95,median,qi,11
200,POSE,2017,POSE.20170403.02,02,2017-04-03,0.8166638136113428,0.6277033567415136,0.9151983892232262,0.95,median,qi,4
201,POSE,2017,POSE.20170404.07,07,2017-04-04,0.9234070366425187,0.8530741316701156,0.9629311183229772,0.95,median,qi,4
202,POSE,2017,POSE.20170405.09,09,2017-04-05,0.5141530748469385,0.14690937489878209,0.7388034034136814,0.95,median,qi,4
203,POSE,2017,POSE.20171030.02,02,2017-10-30,0.7166695549872886,0.4484078245994599,0.8590824391027192,0.95,median,qi,10
204,POSE,2017,POSE.20171031.07,07,2017-10-31,0.6247113790869885,0.32003124326241134,0.7985489686263085,0.95,median,qi,10
205,POSE,2017,POSE.20171101.09,09,2017-11-01,0.8181196463263725,0.6384916680001751,0.9127897434855563,0.95,median,qi,11
206,POSE,2018,POSE.20180402.02,02,2018-04-02,0.7086481068756549,0.439856445586198,0.8515566817151814,0.95,median,qi,4
207,POSE,2018,POSE.20180403.07,07,2018-04-03,0.6691795688294109,0.3315911987912703,0.8491310920864212,0.95,median,qi,4
208,POSE,2018,POSE.20180404.09,09,2018-04-04,0.748078585574379,0.41570330611436684,0.8983328114504332,0.95,median,qi,4
209,POSE,2018,POSE.20181112.02,02,2018-11-12,0.6922295755072452,0.45015242373488884,0.827680898972617,0.95,median,qi,11
210,POSE,2018,POSE.20181113.07,07,2018-11-13,0.7068245903181458,0.44327883126655476,0.8460004292079061,0.95,median,qi,11
211,POSE,2018,POSE.20181114.09,09,2018-11-14,0.870571919944362,0.7572561573367249,0.9334155551404436,0.95,median,qi,11
212,POSE,2019,POSE.20190408.02,02,2019-04-08,0.7688084896026435,0.5403739345987811,0.8868439116260197,0.95,median,qi,4
213,POSE,2019,POSE.20190410.07,07,2019-04-10,0.7468501186474072,0.5804206788439983,0.8546752472307504,0.95,median,qi,4
214,POSE,2019,POSE.20190411.09,09,2019-04-11,0.8762799699908534,0.7578655355034353,0.9362210528159434,0.95,median,qi,4
215,POSE,2019,POSE.20191111.02,02,2019-11-11,0.6630781666910228,0.4315801388890235,0.8107936362129321,0.95,median,qi,11
216,POSE,2019,POSE.20191112.07,07,2019-11-12,0.899512245305051,0.812608497588502,0.9508814392074278,0.95,median,qi,11
217,POSE,2019,POSE.20191114.09,09,2019-11-14,0.8298619068476002,0.6929613991501409,0.9035544210644804,0.95,median,qi,11
218,POSE,2020,POSE.20201109.02,02,2020-11-09,0.8271612733613634,0.6986763296167086,0.9030038625566975,0.95,median,qi,11
219,POSE,2020,POSE.20201110.07,07,2020-11-10,0.6903707213031292,0.444880690061212,0.8292255668843198,0.95,median,qi,11
220,POSE,2020,POSE.20201111.09,09,2020-11-11,0.8928237846396765,0.7862564028345901,0.9481380615272641,0.95,median,qi,11
221,POSE,2021,POSE.20210405.02,02,2021-04-05,0.8072796797380288,0.6066124204970806,0.9054603750385909,0.95,median,qi,4
222,POSE,2021,POSE.20210406.07,07,2021-04-06,0.8314310919425582,0.6646924514094142,0.9166086813744786,0.95,median,qi,4
223,POSE,2021,POSE.20210407.09,09,2021-04-07,0.8112726119515997,0.6348046021727987,0.9052931519801646,0.95,median,qi,4
224,POSE,2021,POSE.20211025.02,02,2021-10-25,0.7850419817480482,0.5341347334032492,0.8979057961478041,0.95,median,qi,10
225,POSE,2021,POSE.20211026.07,07,2021-10-26,0.8801191388843301,0.7567019675169233,0.9426091397096261,0.95,median,qi,10
226,POSE,2021,POSE.20211027.09,09,2021-10-27,0.6260939610453073,0.29980156334848584,0.8072359253802612,0.95,median,qi,10
227,PRIN,2017,PRIN.20170301.07,07,2017-03-01,0.23479522709460954,0.03649943446063778,0.5029261419465683,0.95,median,qi,3
228,PRIN,2017,PRIN.20170302.10,10,2017-03-02,0.6612042970255299,0.4249850000486278,0.8095872032690998,0.95,median,qi,3
229,PRIN,2017,PRIN.20171114.03,03,2017-11-14,0.6430897860950797,0.4918070689068285,0.7508967631791104,0.95,median,qi,11
230,PRIN,2017,PRIN.20171115.07,07,2017-11-15,0.4149262044357996,0.18134227960600843,0.5796437432669087,0.95,median,qi,11
231,PRIN,2017,PRIN.20171116.10,10,2017-11-16,0.5626907731521529,0.3020602984022271,0.7295849682818174,0.95,median,qi,11
232,PRIN,2018,PRIN.20180320.03,03,2018-03-20,0.4570030453391851,0.1049898127590588,0.7251310519359289,0.95,median,qi,3
233,PRIN,2018,PRIN.20180321.07,07,2018-03-21,0.6582301742265888,0.3503929728056237,0.8334759385859551,0.95,median,qi,3
234,PRIN,2018,PRIN.20180322.10,10,2018-03-22,0.6354114418486787,0.13409202476073306,0.8903725053112577,0.95,median,qi,3
235,PRIN,2018,PRIN.20181113.07,07,2018-11-13,0.6467676167599743,0.3201986317541816,0.8243368237847022,0.95,median,qi,11
236,PRIN,2018,PRIN.20181114.03,03,2018-11-14,0.5555123010962806,0.1412223885488421,0.8172674455786292,0.95,median,qi,11
237,PRIN,2018,PRIN.20181115.10,10,2018-11-15,0.3009191534322576,0.03261638647451655,0.641987082322972,0.95,median,qi,11
238,PRIN,2019,PRIN.20190226.03,03,2019-02-26,0.36025074079990604,0.06892257290107782,0.6592225938451112,0.95,median,qi,2
239,PRIN,2019,PRIN.20190227.10,10,2019-02-27,0.3956142278709399,0.056578043931388475,0.7434189723110953,0.95,median,qi,2
240,PRIN,2019,PRIN.20190228.07,07,2019-02-28,0.5789768740457945,0.24738481634380652,0.7718311726320974,0.95,median,qi,2
241,PRIN,2019,PRIN.20191118.03,03,2019-11-18,0.6954732566372628,0.3659823353808296,0.8615418383594505,0.95,median,qi,11
242,PRIN,2019,PRIN.20191119.07,07,2019-11-19,0.8562873933489965,0.787310546207348,0.9009635460236506,0.95,median,qi,11
243,PRIN,2019,PRIN.20191120.10,10,2019-11-20,0.3031696750881049,0.03866786178709358,0.6906518278690987,0.95,median,qi,11
244,PRIN,2020,PRIN.20200311.10,10,2020-03-11,0.6321715422085175,0.27375079211023634,0.8351635190891216,0.95,median,qi,3
245,PRIN,2020,PRIN.20200312.07,07,2020-03-12,0.5682988311100546,0.33042585633587135,0.7271288923832393,0.95,median,qi,3
246,PRIN,2021,PRIN.20211116.03,03,2021-11-16,0.44026378639932306,0.25983839370050543,0.5705396878786486,0.95,median,qi,11
247,PRIN,2021,PRIN.20211117.07,07,2021-11-17,0.34246151648081097,0.1329397297312578,0.5116555034937268,0.95,median,qi,11
248,PRIN,2021,PRIN.20211119.10,10,2021-11-19,0.8242911516437169,0.7594488627311156,0.8705878362290889,0.95,median,qi,11
249,REDB,2016,REDB.20161020.02,02,2016-10-20,0.6589049998709127,0.15635377398620573,0.8977945541737998,0.95,median,qi,10
250,REDB,2016,REDB.20161021.05,05,2016-10-21,0.824221948031201,0.46858016446084927,0.9390405359324828,0.95,median,qi,10
251,REDB,2016,REDB.20161022.07,07,2016-10-22,0.5238453642991341,0.0796002305487378,0.8468797787190044,0.95,median,qi,10
252,REDB,2017,REDB.20171020.07,07,2017-10-20,0.38395329683027246,0.03932601436782072,0.7802542160131534,0.95,median,qi,10
253,REDB,2017,REDB.20171021.05,05,2017-10-21,0.9486597102081034,0.47147847582240143,0.9963048842344454,0.95,median,qi,10
254,REDB,2018,REDB.20180425.07,07,2018-04-25,0.42924214435522623,0.017319240992956973,0.954678721912867,0.95,median,qi,4
255,REDB,2018,REDB.20180427.05,05,2018-04-27,0.4730235959390225,0.025327153895338867,0.9753172177823046,0.95,median,qi,4
256,REDB,2018,REDB.20181018.07,07,2018-10-18,0.4496216296953838,0.0293341756707333,0.904016265215593,0.95,median,qi,10
257,REDB,2019,REDB.20191014.02,02,2019-10-14,0.9035642326329569,0.425459428987386,0.9882875767960075,0.95,median,qi,10
258,REDB,2019,REDB.20191015.05,05,2019-10-15,0.8368344429055794,0.06278277528411512,0.9936625359554155,0.95,median,qi,10
259,REDB,2019,REDB.20191016.07,07,2019-10-16,0.46714355754076586,0.030259857425420304,0.9201511303229795,0.95,median,qi,10
260,SYCA,2019,SYCA.20190625.04,04,2019-06-25,0.716955120418383,0.5571439543284782,0.8169903385174981,0.95,median,qi,6
261,SYCA,2019,SYCA.20190626.06,06,2019-06-26,0.7086343272426638,0.5400124035223364,0.8172568286484769,0.95,median,qi,6
262,SYCA,2019,SYCA.20190627.10,10,2019-06-27,0.8455111427257077,0.7819275129321792,0.8893563899252275,0.95,median,qi,6
263,SYCA,2020,SYCA.20200206.10,10,2020-02-06,0.626361991063385,0.41530402579487563,0.7548415112530242,0.95,median,qi,2
264,SYCA,2020,SYCA.20201014.06,06,2020-10-14,0.662511948912529,0.5905709975249447,0.7217057909924242,0.95,median,qi,10
265,TECR,2019,TECR.20191015.05,05,2019-10-15,0.6671956480887982,0.2913605888391122,0.8366615052884921,0.95,median,qi,10
266,TECR,2019,TECR.20191016.06,06,2019-10-16,0.7282376323305152,0.4528605819503589,0.8683597498544235,0.95,median,qi,10
267,TECR,2021,TECR.20210601.01,01,2021-06-01,0.8075069454398572,0.5877341830136031,0.9166428421469226,0.95,median,qi,6
268,WALK,2016,WALK.20160329.01,01,2016-03-29,0.9432728203486648,0.8821637064911094,0.9737690136542713,0.95,median,qi,3
269,WALK,2016,WALK.20161102.01,01,2016-11-02,0.9688380336917205,0.9254418450890045,0.9874019998836576,0.95,median,qi,11
270,WALK,2017,WALK.20170315.05,05,2017-03-15,0.88354959471117,0.743573725157737,0.9473742183424506,0.95,median,qi,3
271,WALK,2018,WALK.20180328.05,05,2018-03-28,0.7271214245120214,0.3354963965119815,0.8885317329382241,0.95,median,qi,3
272,WALK,2018,WALK.20181106.01,01,2018-11-06,0.9749910207397812,0.9412743853446631,0.9899684901376349,0.95,median,qi,11
273,WALK,2018,WALK.20181107.05,05,2018-11-07,0.9863440789204021,0.9656584953850651,0.9955808480204087,0.95,median,qi,11
274,WALK,2019,WALK.20190319.01,01,2019-03-19,0.95682116825902,0.8799909136089976,0.9854316518958743,0.95,median,qi,3
275,WALK,2019,WALK.20190320.03,03,2019-03-20,0.9737153315920744,0.9114386027319905,0.9934705636964892,0.95,median,qi,3
276,WALK,2019,WALK.20190320.05,05,2019-03-20,0.9462250982959837,0.8335965100772196,0.9841886783398779,0.95,median,qi,3
277,WALK,2019,WALK.20191105.01,01,2019-11-05,0.9807194310473664,0.9597221332263555,0.9914278066325262,0.95,median,qi,11
278,WALK,2019,WALK.20191106.03,03,2019-11-06,0.9936263211975087,0.9746332444086259,0.9987449150644279,0.95,median,qi,11
279,WALK,2019,WALK.20191106.05,05,2019-11-06,0.9578885671145175,0.9056842547011805,0.9815490301176426,0.95,median,qi,11
280,WALK,2020,WALK.20200318.01,01,2020-03-18,0.8507646675545383,0.626017244876061,0.9454127962461849,0.95,median,qi,3
281,WALK,2020,WALK.20200319.03,03,2020-03-19,0.9441823230143838,0.8422077291419474,0.9828031448441711,0.95,median,qi,3
282,WALK,2020,WALK.20201102.01,01,2020-11-02,0.8627801437861562,0.7590090335667279,0.9242025466342286,0.95,median,qi,11
283,WALK,2020,WALK.20201103.03,03,2020-11-03,0.9113963574076172,0.8037154381401241,0.9635768797067837,0.95,median,qi,11
284,WALK,2020,WALK.20201104.05,05,2020-11-04,0.9156091746876107,0.849160818577749,0.9550265992966607,0.95,median,qi,11
285,WALK,2021,WALK.20210324.05,05,2021-03-24,0.9177594893004761,0.8270271286371362,0.9640985736286202,0.95,median,qi,3
286,WALK,2021,WALK.20211109.01,01,2021-11-09,0.9842400220257996,0.9596436281096341,0.9945961256563636,0.95,median,qi,11
287,WALK,2021,WALK.20211109.03,03,2021-11-09,0.9281588447791818,0.7816923815716683,0.9791217978707156,0.95,median,qi,11
288,WALK,2021,WALK.20211110.05,05,2021-11-10,0.9825414513064101,0.9592358357376722,0.9932223843713874,0.95,median,qi,11
289,WLOU,2017,WLOU.20170606.04,04,2017-06-06,0.5102847241808461,0.02953227099483732,0.9331063217369261,0.95,median,qi,6
290,WLOU,2017,WLOU.20170607.07,07,2017-06-07,0.9422123382062868,0.3773660726542996,0.9970748449818804,0.95,median,qi,6
291,WLOU,2017,WLOU.20170927.04,04,2017-09-27,0.9585567993844648,0.8389980641281987,0.9916960570777554,0.95,median,qi,9
292,WLOU,2017,WLOU.20170928.07,07,2017-09-28,0.6864394786656207,0.14010287670974675,0.941873224413766,0.95,median,qi,9
293,WLOU,2018,WLOU.20180530.04,04,2018-05-30,0.3658156309367522,0.026700955071487044,0.8098604465199382,0.95,median,qi,5
294,WLOU,2018,WLOU.20180924.01,01,2018-09-24,0.538006930035332,0.05001209666380989,0.9240810629377277,0.95,median,qi,9
295,WLOU,2018,WLOU.20180925.04,04,2018-09-25,0.8910148314203468,0.5041032117638674,0.9807284427517269,0.95,median,qi,9
296,WLOU,2019,WLOU.20190923.01,01,2019-09-23,0.6099477538501661,0.08479517406139478,0.8897022558844906,0.95,median,qi,9
297,WLOU,2019,WLOU.20190924.04,04,2019-09-24,0.7434286000710502,0.3050536701030834,0.9148371078743248,0.95,median,qi,9
298,WLOU,2019,WLOU.20190925.07,07,2019-09-25,0.8679757331138258,0.41103453590238603,0.9768009603084757,0.95,median,qi,9
299,WLOU,2021,WLOU.20210525.04,04,2021-05-25,0.46450162338792134,0.03638955474550899,0.8967326418273147,0.95,median,qi,5
300,WLOU,2021,WLOU.20210526.07,07,2021-05-26,0.6554429909866633,0.057743914530510115,0.946175668095378,0.95,median,qi,5
301,WLOU,2021,WLOU.20210927.01,01,2021-09-27,0.3432577943428915,0.030122677470917583,0.7836363659762704,0.95,median,qi,9
302,WLOU,2021,WLOU.20210928.04,04,2021-09-28,0.4150211805933751,0.0536560627206135,0.785538320638563,0.95,median,qi,9
303,WLOU,2021,WLOU.20210929.07,07,2021-09-29,0.8359907343292837,0.3938606399637076,0.9605317506937797,0.95,median,qi,9
